operating_hours,temperature_c,vibration_level_mm_per_s,load_percentage,maintenance_due_in_hours
860.0,70.73,0.44,90.4,4322.14
3772.0,93.18,4.8,58.89,2935.14
3092.0,96.15,2.44,75.73,3208.6
466.0,73.29,4.49,90.41,4473.47
4426.0,74.04,1.68,62.69,2658.67
3444.0,95.92,0.71,62.29,3117.57
3171.0,79.35,2.42,70.14,3230.86
2919.0,51.64,0.66,94.73,3306.97
130.0,95.64,2.48,50.02,4818.8
1685.0,62.41,4.61,95.07,3861.24
769.0,78.88,2.65,57.69,4492.77
2391.0,58.28,3.12,99.5,3509.22
2433.0,51.69,0.87,97.74,3532.73
1184.0,65.57,0.31,74.73,4250.04
4555.0,89.02,0.64,75.64,2509.84
3385.0,63.88,3.03,74.08,3129.03
4117.0,61.0,0.57,81.77,2754.97
4843.0,60.63,1.94,54.54,2515.13
2904.0,75.76,2.8,51.63,3460.37
474.0,98.78,2.0,52.89,4630.98
1082.0,72.95,0.9,72.22,4292.99
2558.0,77.87,1.44,63.78,3581.97
2047.0,93.03,4.65,81.1,3688.44
2747.0,76.75,3.41,99.62,3290.76
975.0,59.22,2.53,69.32,4372.17
1806.0,64.98,0.16,78.69,3921.96
189.0,65.5,4.96,70.78,4720.98
2734.0,69.87,3.39,92.36,3347.55
3005.0,71.34,1.65,95.11,3212.73
4658.0,89.99,4.41,93.87,2327.6
1899.0,67.47,1.37,98.72,3758.31
1267.0,73.41,2.77,51.38,4285.14
1528.0,81.25,3.22,91.99,3931.38
3202.0,68.89,1.18,87.59,3161.45
3556.0,91.83,4.89,61.43,3032.23
3890.0,79.37,3.77,97.82,2719.51
646.0,64.7,2.83,57.41,4582.22
2888.0,85.7,0.98,83.98,3304.86
2435.0,76.38,0.36,61.24,3669.87
600.0,76.72,1.67,71.57,4522.03
2363.0,74.05,3.79,85.96,3552.7
2061.0,74.85,1.42,78.17,3764.77
241.0,88.27,2.74,71.38,4668.65
2041.0,55.15,3.67,66.32,3850.95
2824.0,66.72,0.63,91.98,3338.36
2612.0,53.78,3.46,57.19,3615.92
1363.0,87.66,0.55,71.51,4130.15
1478.0,63.62,4.83,95.19,3959.54
2556.0,94.87,2.49,92.29,3395.86
775.0,76.33,0.84,70.05,4451.22
4014.0,90.04,1.78,88.16,2704.37
34.0,98.95,2.13,91.16,4658.06
3152.0,91.99,3.82,94.44,3079.65
1955.0,93.35,3.74,77.23,3762.25
1585.0,70.4,3.1,60.22,4084.6
3943.0,77.59,0.62,62.77,2903.31
3073.0,62.69,0.84,64.78,3355.76
1021.0,59.81,0.56,79.69,4315.84
3461.0,75.28,2.93,51.64,3181.47
2613.0,79.75,4.4,81.8,3431.0
3843.0,66.96,2.23,68.22,2931.23
1500.0,78.47,0.89,64.76,4110.36
4798.0,94.37,2.83,93.97,2264.04
161.0,77.84,4.08,73.0,4708.05
4297.0,86.04,3.73,54.75,2718.31
1981.0,90.27,4.42,91.34,3678.09
995.0,99.44,1.46,52.38,4377.1
4911.0,80.16,1.05,86.34,2291.99
3342.0,90.34,4.41,88.7,3010.73
4551.0,98.13,3.32,67.63,2506.86
3798.0,97.22,1.62,91.24,2784.13
1275.0,57.05,3.74,75.78,4182.1
1016.0,70.32,4.09,73.16,4294.6
337.0,66.2,3.11,52.27,4756.62
878.0,54.35,3.47,64.5,4445.09
1076.0,81.66,1.94,96.55,4146.54
4887.0,86.8,2.74,69.59,2357.56
3993.0,92.41,2.67,77.34,2755.33
4859.0,56.14,4.26,76.6,2382.66
379.0,93.82,4.22,79.52,4533.09
492.0,82.15,4.18,53.07,4632.57
2062.0,85.2,0.15,68.11,3806.52
3884.0,95.53,3.77,86.16,2748.43
64.0,81.24,3.82,60.03,4817.21
2568.0,66.79,3.42,60.18,3597.28
2027.0,91.26,3.81,50.5,3863.41
2695.0,68.15,4.23,71.87,3464.57
1495.0,51.71,2.4,94.14,4004.35
391.0,91.53,2.56,52.6,4682.86
4514.0,67.26,0.71,59.56,2653.59
4474.0,88.69,1.99,65.5,2588.21
3561.0,68.14,3.25,86.59,2967.77
2278.0,93.05,3.92,82.03,3575.49
3099.0,60.98,1.16,70.8,3312.92
200.0,98.73,0.78,87.95,4605.02
4875.0,88.99,3.35,80.48,2298.63
3104.0,55.71,0.11,94.8,3211.47
4598.0,78.29,0.97,90.9,2430.18
2454.0,99.27,0.24,62.64,3608.84
3645.0,73.55,0.92,63.57,3053.36
804.0,59.11,0.99,56.27,4538.57
2731.0,74.24,2.0,66.85,3481.78
2773.0,75.62,2.07,99.98,3291.65
1570.0,87.08,4.38,70.29,3995.55
2690.0,84.94,2.6,61.02,3504.0
3840.0,70.13,3.64,88.12,2812.68
1028.0,60.9,0.61,77.12,4322.48
502.0,82.25,1.2,57.48,4635.05
4493.0,71.09,3.54,69.03,2580.71
870.0,56.61,0.36,70.72,4444.57
4488.0,95.03,2.48,87.69,2452.64
206.0,84.56,3.04,51.03,4792.34
1484.0,84.16,3.05,63.45,4091.92
863.0,91.13,0.21,75.88,4354.72
2790.0,76.48,1.68,63.44,3468.04
563.0,90.75,3.22,81.42,4447.7
4191.0,74.9,0.83,74.09,2725.92
1757.0,53.36,3.51,68.09,3989.28
1678.0,70.26,3.76,97.46,3845.62
3242.0,74.87,4.91,81.61,3122.1
4636.0,86.01,1.13,56.5,2566.21
1059.0,55.33,4.14,78.0,4278.39
1722.0,57.0,2.65,89.04,3903.32
3314.0,63.18,1.93,85.42,3120.21
3157.0,63.32,0.7,58.6,3344.83
2625.0,86.61,3.7,98.62,3334.14
2729.0,62.54,1.26,72.44,3485.67
1597.0,81.65,1.92,57.95,4079.23
3060.0,74.71,0.41,59.01,3371.46
2693.0,78.66,4.03,54.91,3531.34
4891.0,91.91,3.86,90.18,2231.25
3627.0,70.22,3.69,56.1,3078.61
1363.0,88.55,1.57,56.26,4194.45
1981.0,71.1,0.95,92.52,3745.18
1663.0,67.69,3.22,67.23,4014.72
1529.0,97.93,2.53,51.54,4106.61
2038.0,59.22,0.97,52.59,3939.85
3302.0,54.52,3.46,57.11,3269.81
2237.0,88.55,4.96,60.67,3701.49
1306.0,53.41,3.76,83.26,4136.27
4029.0,91.85,3.73,57.87,2825.2
2675.0,71.86,4.76,55.94,3541.5
1282.0,95.78,1.09,88.24,4065.32
709.0,86.08,2.87,83.55,4376.87
4744.0,80.52,4.9,71.77,2409.13
4413.0,97.47,0.91,77.47,2552.14
3748.0,69.83,3.53,65.6,2973.03
4779.0,97.7,2.97,74.13,2364.76
663.0,56.75,2.97,75.33,4498.59
1998.0,74.19,3.52,69.36,3820.63
3445.0,63.5,4.66,95.33,2977.31
3743.0,76.99,3.93,50.8,3031.15
1495.0,58.1,0.38,89.11,4037.01
3304.0,92.08,4.28,56.22,3189.97
3763.0,92.32,1.21,89.88,2822.42
1853.0,97.76,1.95,80.8,3804.53
4659.0,57.73,2.36,92.16,2420.59
1291.0,81.17,2.46,54.88,4243.22
3581.0,73.71,2.23,77.95,3000.01
3457.0,67.22,4.69,75.05,3064.86
1636.0,67.58,3.56,85.31,3934.7
3696.0,70.64,3.19,76.71,2945.22
2999.0,85.25,0.34,77.04,3291.38
3152.0,79.91,4.53,71.48,3211.48
698.0,72.98,4.56,65.44,4482.26
2160.0,53.8,3.92,74.11,3752.61
4097.0,53.89,0.13,55.92,2912.76
4737.0,50.12,0.38,98.08,2387.08
854.0,98.38,1.2,85.72,4285.59
3474.0,50.26,0.74,97.62,3016.92
1707.0,55.15,2.05,61.34,4058.97
2777.0,65.73,4.62,93.97,3314.0
1733.0,90.37,2.41,90.44,3826.43
4931.0,98.1,0.17,83.86,2267.35
3510.0,89.5,1.49,81.25,2994.89
202.0,84.53,0.32,65.83,4747.62
3255.0,76.07,0.28,90.82,3113.49
4218.0,54.34,1.45,75.08,2742.44
4496.0,97.91,1.45,53.54,2623.96
766.0,87.92,3.96,65.64,4423.38
4389.0,81.95,4.88,96.76,2459.01
2327.0,87.95,1.92,92.53,3528.74
2931.0,86.21,2.2,99.1,3194.6
197.0,81.86,4.24,81.4,4638.38
1930.0,99.03,1.41,62.38,3860.93
3582.0,95.17,0.87,58.14,3069.3
608.0,82.33,4.28,59.35,4541.8
3272.0,84.66,0.33,50.99,3286.46
1147.0,52.58,3.14,69.53,4292.3
4282.0,83.5,2.85,59.57,2715.61
3397.0,52.21,1.8,70.58,3176.22
2511.0,79.41,1.64,96.75,3435.48
1794.0,99.97,3.88,71.53,3856.61
659.0,77.79,0.52,93.9,4390.19
2811.0,73.66,1.26,80.28,3383.2
1369.0,65.64,3.69,62.36,4185.54
1986.0,56.03,2.79,67.79,3878.12
146.0,86.55,0.73,54.2,4825.65
3219.0,59.63,4.42,66.67,3243.65
2911.0,55.76,2.03,83.88,3343.31
1734.0,71.09,4.16,53.61,4031.23
1843.0,89.77,3.96,60.27,3908.02
488.0,87.25,3.16,69.07,4554.54
2976.0,52.74,2.52,99.1,3235.77
1959.0,72.76,4.9,89.24,3729.77
2385.0,76.12,0.81,86.67,3563.78
2919.0,82.23,3.65,55.81,3410.46
4736.0,82.51,1.04,89.05,2361.37
1802.0,68.23,1.76,89.26,3848.64
4061.0,78.03,1.61,80.06,2747.03
3369.0,74.05,4.74,99.52,2972.4
262.0,94.25,4.84,66.26,4650.79
623.0,76.51,1.0,97.06,4390.19
1016.0,72.05,0.21,95.74,4217.13
3643.0,70.22,3.63,50.57,3098.9
4976.0,78.62,2.15,72.51,2320.75
2049.0,90.2,0.54,98.86,3645.47
3723.0,76.92,3.45,55.16,3024.38
4548.0,83.08,2.77,77.39,2495.18
3108.0,86.89,4.9,98.95,3078.43
4090.0,76.01,1.21,77.77,2751.97
2056.0,71.34,2.08,59.49,3861.07
3170.0,93.83,2.76,79.11,3154.2
1682.0,70.88,3.98,60.22,4026.35
2255.0,73.1,2.79,75.99,3668.49
1154.0,99.52,3.1,53.7,4274.42
4499.0,50.01,1.21,80.27,2587.02
3191.0,59.27,4.25,75.84,3214.26
1696.0,69.2,2.2,87.01,3906.56
3991.0,96.63,0.79,81.54,2745.66
4723.0,53.5,3.35,77.48,2460.55
4682.0,50.47,1.16,84.49,2474.02
1648.0,52.63,0.58,57.2,4128.97
1445.0,54.43,4.32,79.77,4076.57
4199.0,51.88,2.35,58.61,2830.16
3923.0,73.99,3.77,96.28,2721.43
253.0,79.04,1.52,53.42,4783.1
3183.0,63.58,3.96,71.52,3234.18
2557.0,69.91,0.65,84.79,3501.24
98.0,54.58,1.84,72.9,4808.88
2200.0,66.82,4.89,54.6,3794.41
2961.0,76.13,3.99,77.67,3289.0
4973.0,86.61,2.54,82.08,2254.5
4433.0,50.17,1.76,85.19,2589.57
3777.0,73.37,4.37,68.66,2927.72
2869.0,64.85,2.77,78.18,3367.19
3234.0,92.64,3.82,72.53,3146.88
3791.0,85.78,3.8,83.6,2826.98
956.0,79.46,0.19,79.18,4315.32
4067.0,63.86,0.72,76.29,2800.15
160.0,95.52,3.33,62.48,4733.26
4493.0,52.26,0.89,50.1,2739.57
1300.0,55.47,1.35,58.7,4282.01
4911.0,69.58,4.74,55.85,2428.69
3987.0,56.22,2.84,72.45,2853.34
1527.0,97.82,3.78,80.61,3950.01
1218.0,89.9,2.83,60.65,4229.59
4496.0,62.95,2.81,96.95,2463.26
4735.0,79.43,0.56,50.33,2566.36
3104.0,99.12,1.78,88.62,3138.85
2735.0,94.21,1.48,81.26,3372.94
4555.0,80.04,2.01,68.68,2548.89
954.0,95.19,4.01,52.52,4379.89
4565.0,99.46,1.92,81.37,2442.49
3446.0,87.17,2.31,69.28,3083.13
1045.0,53.25,2.05,96.81,4216.46
1693.0,70.08,0.56,77.1,3972.27
3436.0,91.89,2.26,96.98,2940.69
562.0,61.53,1.06,61.02,4630.24
2485.0,91.53,1.01,86.29,3482.85
3354.0,56.02,0.56,80.86,3151.05
225.0,52.35,1.85,86.97,4679.48
4893.0,69.2,3.81,60.73,2423.31
959.0,51.84,1.45,83.25,4336.03
4548.0,97.86,1.63,74.9,2489.46
3067.0,91.31,3.25,87.14,3165.68
815.0,90.04,1.06,66.35,4420.07
4754.0,81.49,4.5,94.5,2292.56
4642.0,60.82,2.65,54.22,2609.8
3120.0,75.91,2.29,90.36,3163.44
16.0,79.86,2.83,93.07,4688.61
1243.0,76.25,0.91,90.86,4112.55
2205.0,63.01,3.11,75.64,3712.23
2524.0,75.76,1.88,71.92,3558.09
1069.0,74.56,4.5,99.81,4122.35
3444.0,99.82,0.93,61.46,3111.8
2565.0,94.87,2.58,77.34,3465.19
1060.0,73.17,3.03,83.53,4225.69
2327.0,81.15,0.26,85.04,3596.35
3420.0,87.39,1.88,60.2,3145.39
301.0,51.74,3.69,82.7,4645.62
4276.0,94.75,4.12,90.92,2526.72
606.0,93.01,1.63,52.5,4582.14
3170.0,72.87,4.01,95.58,3101.25
699.0,69.56,4.84,51.48,4555.59
1139.0,63.65,4.3,67.8,4271.22
190.0,73.83,0.68,50.79,4846.61
2300.0,52.22,3.72,53.86,3789.03
980.0,92.61,1.67,95.56,4180.32
2975.0,51.77,4.94,67.74,3370.81
1184.0,66.45,2.48,71.24,4244.12
3327.0,96.58,0.7,60.77,3182.51
3394.0,86.76,3.65,79.85,3043.67
127.0,64.07,1.68,79.74,4742.83
2065.0,62.63,4.99,68.61,3799.33
1816.0,50.25,4.9,66.65,3959.22
569.0,84.79,3.32,94.25,4391.54
1895.0,52.44,0.74,69.16,3944.44
2733.0,76.63,3.47,74.68,3422.21
3863.0,98.11,0.56,64.17,2895.9
4721.0,55.47,0.24,89.34,2429.42
4014.0,94.72,4.13,69.87,2762.87
2901.0,99.57,1.13,75.68,3310.67
1686.0,53.08,1.96,62.67,4067.94
3009.0,94.15,4.87,99.38,3111.6
154.0,75.8,1.75,64.57,4781.01
2537.0,95.33,1.55,88.54,3432.63
1409.0,78.57,4.6,71.37,4085.5
4057.0,83.11,0.64,60.31,2847.31
784.0,77.19,3.82,89.99,4315.47
3175.0,93.22,4.94,66.68,3193.23
4341.0,86.7,4.52,93.26,2494.65
2806.0,76.06,3.29,95.76,3283.13
537.0,93.41,1.64,92.99,4413.34
1841.0,62.26,1.35,51.75,4032.76
2455.0,57.87,4.11,89.37,3518.78
524.0,58.02,4.41,70.57,4575.01
2950.0,66.7,2.67,93.69,3246.42
4131.0,61.93,1.3,81.9,2738.17
4780.0,96.5,0.65,91.68,2302.05
4115.0,55.29,0.53,74.97,2801.79
2368.0,84.95,3.62,76.75,3576.11
3847.0,59.46,2.16,57.22,2999.9
4495.0,94.08,4.54,89.2,2422.98
2701.0,98.07,3.72,70.97,3411.28
971.0,73.27,1.04,75.0,4332.56
1166.0,93.95,3.11,89.25,4101.74
4929.0,50.26,2.23,79.94,2362.93
2774.0,91.0,2.93,60.05,3451.45
1982.0,61.43,3.72,79.51,3801.41
853.0,95.44,4.05,70.38,4340.22
4146.0,50.06,4.23,73.48,2767.16
3736.0,77.81,1.34,51.42,3055.86
3769.0,87.83,0.25,60.5,2984.8
574.0,62.93,3.72,64.05,4579.65
3261.0,59.66,0.62,85.65,3165.74
1148.0,54.2,1.64,50.57,4398.29
1715.0,66.32,0.12,70.44,4006.48
4777.0,77.99,3.44,96.2,2290.11
4933.0,55.79,0.92,55.59,2484.76
3854.0,68.83,3.31,75.82,2873.12
2491.0,50.45,4.96,89.33,3507.37
2660.0,90.93,0.46,97.13,3347.94
3124.0,56.42,0.48,87.34,3233.68
3051.0,64.17,1.77,86.03,3248.35
4.0,50.92,4.35,91.32,4746.08
4869.0,71.61,1.16,72.31,2399.16
876.0,92.01,1.87,90.29,4257.87
991.0,69.61,0.44,50.4,4458.94
4142.0,58.97,3.84,96.23,2641.52
4364.0,87.68,2.1,72.17,2610.8
4465.0,89.44,3.82,77.67,2512.07
635.0,58.69,4.53,62.74,4556.13
1693.0,88.54,1.24,87.13,3878.38
1682.0,97.36,4.06,53.83,4004.55
4752.0,58.32,0.39,93.63,2385.31
119.0,88.55,4.5,91.41,4611.33
830.0,85.43,3.29,60.8,4427.24
3675.0,73.68,4.38,90.47,2868.97
1369.0,52.9,0.1,89.32,4112.11
740.0,53.73,0.93,81.61,4455.19
116.0,92.62,2.01,68.68,4743.28
2838.0,99.51,1.96,63.57,3394.51
1150.0,83.8,1.21,61.59,4287.34
1931.0,72.3,1.97,65.93,3890.55
1012.0,82.38,0.73,95.18,4196.04
1664.0,79.72,2.12,53.88,4067.92
1081.0,69.18,4.03,91.44,4173.61
4729.0,53.28,2.45,67.44,2517.24
512.0,91.08,0.19,76.08,4529.57
2849.0,68.59,2.17,89.72,3318.04
559.0,90.94,0.23,94.22,4415.2
3672.0,62.63,4.83,67.24,3004.21
4583.0,50.05,0.72,73.09,2585.69
4992.0,57.95,3.57,70.73,2348.8
3343.0,73.43,4.87,50.66,3229.67
4070.0,97.22,4.15,64.8,2755.11
4799.0,55.11,3.53,72.96,2440.22
1470.0,92.71,4.21,70.55,4034.67
580.0,76.35,4.91,86.1,4427.71
2294.0,91.3,3.14,69.24,3642.76
3147.0,64.92,2.84,74.47,3245.92
4249.0,92.0,3.18,71.48,2652.32
1679.0,88.64,2.71,87.03,3870.96
3506.0,61.5,3.21,93.15,2976.13
2744.0,56.57,2.3,76.59,3458.85
3356.0,93.4,1.17,89.47,3026.13
4045.0,98.16,0.69,64.84,2800.09
1243.0,51.57,0.43,77.07,4235.68
3118.0,86.56,1.39,67.26,3267.66
2141.0,95.48,0.33,70.71,3731.74
3059.0,92.87,2.88,86.62,3172.87
4548.0,98.23,1.49,94.08,2394.22
2959.0,88.0,4.14,56.07,3372.71
2265.0,72.11,0.46,81.73,3659.97
2479.0,65.6,1.21,79.11,3571.68
4646.0,66.04,3.68,55.92,2578.54
1635.0,86.22,3.03,60.59,4026.74
1757.0,87.29,0.42,65.55,3965.01
4452.0,60.02,4.4,58.35,2668.25
2070.0,93.41,4.4,62.19,3773.27
2849.0,85.75,1.72,63.38,3419.92
3251.0,78.14,1.77,66.78,3216.63
3730.0,73.58,4.95,87.47,2851.04
2489.0,77.16,3.17,78.6,3526.52
1631.0,57.96,2.7,99.31,3894.98
2816.0,60.19,4.21,70.74,3425.88
1015.0,54.56,1.5,87.69,4279.94
1348.0,57.68,2.2,93.57,4070.74
4611.0,72.68,1.41,83.95,2465.26
3087.0,76.52,3.97,70.59,3260.83
2839.0,50.89,2.91,87.68,3361.22
335.0,89.84,3.33,60.18,4668.62
4592.0,64.71,1.34,66.38,2579.33
895.0,95.59,1.18,77.33,4312.85
3546.0,98.38,2.49,78.77,2961.47
851.0,59.27,3.71,51.11,4513.28
1687.0,73.1,2.67,97.26,3847.27
1931.0,50.06,0.26,84.83,3857.62
3746.0,79.92,4.36,74.79,2899.68
2427.0,80.37,0.42,96.66,3488.32
1568.0,62.38,4.78,71.95,4033.64
4000.0,77.92,0.22,99.02,2696.82
2738.0,61.28,3.5,75.61,3445.35
3498.0,58.04,0.5,55.71,3201.32
3913.0,82.58,4.56,88.24,2741.52
1066.0,66.3,2.38,83.94,4240.93
4380.0,79.51,0.77,88.65,2549.99
2444.0,71.66,1.77,97.57,3479.11
4107.0,99.22,0.91,88.82,2644.87
3373.0,57.48,0.94,80.57,3136.35
3969.0,73.23,4.75,92.87,2707.26
2546.0,84.02,2.28,83.66,3467.83
753.0,69.78,3.97,70.41,4442.26
2082.0,98.73,3.23,94.28,3607.78
2774.0,86.09,3.41,61.1,3451.19
2896.0,82.85,0.75,85.73,3300.19
4185.0,87.85,1.25,94.08,2598.93
775.0,97.63,3.96,86.57,4294.86
1625.0,95.39,4.86,84.86,3873.83
3069.0,86.21,1.39,87.63,3191.04
417.0,87.46,1.43,73.25,4586.01
114.0,57.3,2.42,93.71,4685.69
616.0,55.14,4.92,60.17,4581.65
3974.0,78.55,1.42,56.37,2909.88
3267.0,50.92,2.09,64.28,3272.34
825.0,74.12,4.47,76.58,4361.69
1516.0,60.52,0.11,75.53,4092.18
3146.0,67.3,0.29,91.03,3184.3
412.0,88.79,3.06,70.23,4584.68
728.0,97.06,4.55,74.22,4375.33
3348.0,53.62,1.27,50.67,3302.71
2808.0,76.71,2.4,70.49,3416.13
675.0,94.13,2.31,82.39,4389.23
3465.0,54.13,2.42,50.78,3231.2
2504.0,91.23,3.15,64.04,3563.82
2967.0,67.89,2.4,60.4,3404.71
2786.0,66.1,2.29,52.1,3541.37
1122.0,98.87,2.42,73.96,4197.2
4079.0,60.04,3.0,59.09,2865.03
1571.0,84.66,2.73,87.15,3932.1
2143.0,91.07,4.29,92.4,3591.52
1687.0,52.06,0.34,77.28,4012.56
4132.0,83.52,4.18,99.09,2579.7
3851.0,97.58,4.24,72.52,2824.37
3440.0,56.21,1.5,75.67,3124.28
3766.0,94.81,2.37,99.46,2756.39
2326.0,79.74,2.25,61.58,3697.15
2914.0,80.83,1.17,97.13,3234.0
4968.0,80.65,2.04,52.14,2423.55
3952.0,64.94,0.32,72.32,2879.34
595.0,96.76,1.46,53.5,4576.87
728.0,97.37,4.1,86.46,4317.94
1365.0,81.27,1.49,80.42,4087.92
4492.0,89.17,4.11,85.33,2457.91
698.0,80.61,2.7,68.72,4469.11
395.0,74.22,4.41,68.47,4617.58
4171.0,83.04,2.92,52.27,2807.92
4360.0,77.65,0.25,67.5,2674.76
2502.0,79.87,3.41,96.46,3422.83
1819.0,89.19,0.32,68.96,3914.11
717.0,74.05,2.31,91.57,4362.49
2782.0,52.04,4.65,92.12,3347.8
4946.0,58.2,0.91,68.66,2408.19
3577.0,71.93,2.01,81.6,2989.54
143.0,86.24,3.68,54.77,4795.41
4980.0,79.66,4.42,55.18,2380.52
3140.0,82.51,3.39,52.43,3318.93
4491.0,73.96,1.37,79.05,2547.67
2938.0,80.79,3.41,71.3,3328.85
3636.0,66.45,1.55,77.4,2996.55
3222.0,73.51,3.62,76.05,3175.51
1167.0,87.21,4.77,67.51,4206.77
2616.0,93.59,3.63,83.87,3399.1
1062.0,71.68,4.33,87.93,4192.73
2156.0,52.18,0.11,50.73,3912.87
2982.0,58.08,3.62,60.36,3404.86
3294.0,51.04,4.16,85.66,3130.96
4729.0,82.66,0.3,69.33,2470.53
1156.0,66.62,4.37,83.12,4179.44
732.0,77.12,1.36,67.35,4479.43
4330.0,74.66,3.36,69.54,2654.38
4846.0,54.08,4.02,57.93,2488.96
953.0,70.16,3.35,62.91,4385.15
2539.0,61.03,0.55,80.27,3551.57
3324.0,70.92,3.02,71.66,3157.65
3301.0,60.18,2.79,88.72,3107.64
1542.0,92.02,4.51,92.63,3886.69
1191.0,58.71,2.08,77.08,4230.86
2993.0,98.04,1.67,87.91,3201.12
2681.0,70.8,3.77,65.35,3503.44
1217.0,92.31,2.12,70.75,4181.91
1540.0,81.44,3.27,85.64,3956.27
3236.0,86.77,3.27,69.31,3179.24
2386.0,88.39,4.45,79.43,3538.59
3719.0,75.24,3.03,59.27,3013.34
1388.0,77.17,2.56,79.99,4076.12
1856.0,75.7,0.78,93.08,3797.42
1365.0,79.4,0.67,93.43,4034.86
499.0,51.47,0.86,86.22,4557.91
1680.0,69.78,0.94,87.29,3924.59
510.0,80.31,3.23,77.9,4512.64
4312.0,79.89,3.73,79.23,2600.75
1324.0,89.65,2.7,56.68,4198.32
1155.0,82.75,4.16,72.19,4204.41
1827.0,99.61,4.96,72.54,3825.02
3141.0,64.19,4.12,97.92,3120.31
3486.0,67.96,3.5,71.55,3078.26
1810.0,69.19,2.71,77.47,3892.19
2923.0,73.29,2.3,76.66,3335.61
2214.0,91.8,0.51,81.84,3645.07
4186.0,61.79,2.06,87.41,2675.79
713.0,88.8,4.56,61.25,4464.04
3602.0,70.27,4.06,76.44,2985.69
4134.0,80.09,1.16,91.3,2654.75
3522.0,81.63,2.39,73.16,3036.1
4268.0,68.64,4.1,63.92,2718.08
4748.0,75.63,0.43,82.74,2406.76
4849.0,70.65,2.0,91.19,2308.27
1243.0,53.46,4.27,53.16,4313.06
3709.0,71.86,2.08,88.84,2886.79
1081.0,54.87,0.48,91.08,4239.55
455.0,70.25,2.76,73.08,4589.03
4924.0,79.65,4.32,99.17,2189.66
894.0,78.97,2.99,89.34,4268.46
1384.0,83.13,1.21,88.68,4036.23
1958.0,54.76,1.98,87.39,3804.69
3072.0,82.61,2.31,57.53,3338.08
1996.0,65.61,2.94,60.86,3887.09
4285.0,69.95,3.82,73.2,2663.39
504.0,92.9,0.58,63.2,4590.36
1214.0,50.45,4.46,70.76,4243.69
1531.0,79.42,0.16,94.42,3951.94
3440.0,79.94,1.91,91.22,2994.91
823.0,69.83,0.23,81.5,4388.98
928.0,61.85,2.03,92.91,4277.51
133.0,61.73,2.68,89.19,4687.32
2105.0,94.19,2.61,71.45,3725.81
3627.0,72.1,0.91,60.05,3082.92
4780.0,66.54,3.26,75.71,2415.72
1852.0,72.44,0.32,86.81,3841.87
4910.0,83.47,3.83,71.82,2330.62
4175.0,57.29,4.74,83.34,2683.85
2933.0,72.47,1.76,54.72,3447.33
3284.0,79.39,2.63,87.4,3085.87
4298.0,97.43,1.96,90.64,2533.4
2811.0,62.63,0.13,85.34,3391.21
1250.0,67.96,1.99,98.36,4077.35
3512.0,68.97,3.98,91.33,2959.61
1256.0,80.28,3.02,95.15,4055.47
3376.0,67.84,0.6,96.68,3036.97
3486.0,76.68,4.25,90.07,2960.8
3584.0,89.09,2.7,83.71,2934.23
1396.0,85.27,4.22,50.29,4187.79
3637.0,72.32,2.94,73.29,2990.98
3330.0,93.21,2.84,78.56,3077.36
2703.0,77.91,0.62,65.2,3510.52
470.0,77.0,0.92,65.91,4622.28
1353.0,51.71,4.86,98.06,4031.16
2783.0,99.33,1.22,94.59,3274.71
2831.0,56.15,4.89,92.46,3311.01
357.0,61.56,2.71,70.3,4669.82
3019.0,52.58,0.77,50.68,3474.25
667.0,82.0,0.59,54.01,4576.58
4468.0,61.24,1.12,65.61,2654.25
1145.0,59.0,4.64,50.79,4359.21
4185.0,54.43,2.13,50.86,2873.06
3719.0,55.17,2.04,95.83,2880.64
2745.0,79.23,1.63,85.31,3376.15
539.0,84.41,0.82,65.45,4576.23
2779.0,69.87,2.49,56.63,3512.7
4964.0,73.99,0.74,75.58,2334.73
4136.0,84.3,4.19,50.27,2820.13
4835.0,50.87,1.91,96.92,2327.01
3775.0,66.16,1.94,70.74,2957.12
2508.0,98.65,2.42,70.12,3523.88
2779.0,79.01,2.28,69.53,3432.08
924.0,62.71,4.97,53.47,4445.5
2956.0,76.09,2.77,81.92,3282.52
1581.0,67.13,0.53,86.65,3986.66
3324.0,76.61,3.07,83.81,3085.01
4485.0,56.29,0.84,56.92,2701.89
255.0,56.64,0.25,78.94,4712.0
4804.0,57.18,4.86,78.47,2392.71
1838.0,96.99,3.89,93.42,3731.01
1944.0,86.64,4.9,68.96,3810.9
9.0,58.12,2.44,68.57,4861.97
2871.0,59.42,2.71,80.93,3363.95
797.0,86.54,0.92,81.65,4360.9
4972.0,57.81,1.31,73.46,2367.96
1015.0,61.73,4.21,72.15,4316.19
1824.0,98.17,1.85,74.71,3849.68
4469.0,62.77,4.15,93.05,2483.19
3136.0,83.08,3.57,73.06,3214.8
2193.0,98.93,0.97,97.0,3560.97
223.0,68.71,2.59,75.2,4699.2
4948.0,50.88,3.42,97.46,2252.76
4158.0,62.21,1.25,91.64,2675.86
3925.0,91.54,4.17,68.12,2822.1
4784.0,93.23,2.77,93.18,2277.93
4000.0,88.43,0.91,55.5,2886.54
1633.0,55.66,2.96,96.25,3911.36
2152.0,89.78,5.0,81.58,3636.55
510.0,95.93,0.84,52.72,4631.16
384.0,80.03,4.1,82.21,4545.85
404.0,97.04,1.12,98.71,4449.19
4613.0,91.34,3.93,53.49,2554.03
4571.0,83.35,3.7,77.73,2472.14
2000.0,78.86,1.57,87.39,3739.61
2756.0,67.43,1.7,90.51,3367.61
1668.0,57.96,3.98,70.69,4006.78
1460.0,80.25,2.36,60.21,4134.85
3636.0,65.91,3.68,52.12,3102.79
2724.0,93.32,0.83,78.99,3398.17
4809.0,99.67,4.28,72.65,2340.16
4178.0,87.62,3.58,97.44,2562.74
2048.0,54.52,4.54,53.03,3906.36
4146.0,64.43,0.75,84.27,2719.3
4780.0,55.46,3.01,51.25,2562.79
716.0,82.53,3.04,58.57,4503.73
4544.0,88.26,1.83,72.68,2519.77
4976.0,96.28,2.35,72.74,2282.25
4583.0,71.91,0.29,84.29,2490.4
1823.0,95.07,3.75,95.51,3733.26
2081.0,93.89,2.79,81.95,3684.04
3419.0,65.86,0.38,97.68,3016.57
1574.0,93.45,3.44,94.08,3871.35
249.0,68.78,2.39,79.22,4667.94
673.0,64.84,0.27,91.69,4422.68
4533.0,82.45,4.85,82.13,2459.44
2165.0,66.42,4.75,53.93,3817.52
770.0,81.51,2.61,87.03,4340.71
3962.0,80.49,0.56,54.75,2928.7
4363.0,78.17,3.8,79.7,2575.66
1984.0,69.02,2.51,85.13,3769.19
1077.0,77.42,1.58,53.33,4374.2
235.0,79.82,2.51,61.54,4740.07
388.0,77.28,2.66,95.78,4495.91
3037.0,72.22,2.86,80.82,3254.41
4858.0,50.73,2.26,62.31,2485.34
1848.0,79.35,3.07,84.53,3813.94
4719.0,58.42,4.6,79.84,2428.44
2814.0,82.13,1.88,75.08,3384.6
3374.0,87.97,3.66,98.81,2956.46
3278.0,75.02,4.48,84.17,3095.26
1252.0,77.12,2.33,68.77,4202.56
3981.0,97.57,2.27,90.0,2691.6
4673.0,92.36,3.05,94.23,2327.13
2122.0,95.71,3.0,56.26,3786.29
4530.0,90.69,4.05,60.03,2562.96
2150.0,55.45,2.43,60.81,3835.7
4859.0,57.45,4.98,84.56,2332.99
1329.0,76.33,0.39,80.15,4128.16
1358.0,62.3,0.12,80.95,4140.49
2482.0,73.83,3.24,97.04,3443.77
4542.0,69.72,1.56,88.8,2479.96
2017.0,77.47,1.28,56.4,3891.8
1331.0,87.34,1.63,67.38,4156.65
4344.0,85.77,1.35,71.77,2634.06
4261.0,76.06,0.25,69.8,2715.88
1358.0,91.12,4.86,83.47,4022.83
4637.0,71.54,1.18,94.59,2403.62
4854.0,94.84,3.7,65.3,2369.85
3177.0,53.56,3.84,77.59,3228.04
2128.0,97.73,4.65,89.47,3596.65
2180.0,82.73,0.25,70.81,3737.98
4892.0,69.0,4.37,58.41,2430.23
137.0,59.86,2.68,73.75,4766.21
3472.0,73.96,3.2,52.76,3170.28
2832.0,59.73,3.26,97.12,3296.37
3579.0,58.32,4.12,53.74,3133.99
3031.0,80.87,1.73,71.92,3295.81
4164.0,76.15,3.69,76.49,2696.3
2593.0,83.5,2.69,99.27,3363.26
4300.0,96.48,3.99,58.3,2675.66
3818.0,76.61,4.95,55.72,2959.63
4138.0,79.05,1.08,50.44,2859.9
3823.0,54.48,4.97,57.78,2990.91
4042.0,85.88,0.54,60.36,2850.02
1906.0,70.0,0.11,81.53,3848.25
760.0,98.84,0.32,60.99,4464.24
3445.0,91.16,1.77,51.03,3172.31
899.0,76.12,3.2,91.33,4259.58
4455.0,56.16,0.44,68.28,2664.4
2947.0,92.97,0.13,67.68,3350.86
1719.0,89.99,4.69,65.12,3937.98
280.0,59.23,4.13,98.77,4556.42
3266.0,64.76,4.06,58.51,3254.29
1887.0,89.67,4.43,94.91,3708.26
3266.0,59.26,3.53,88.84,3118.97
666.0,95.89,0.61,53.82,4549.99
4188.0,71.23,2.06,99.34,2596.31
671.0,54.35,3.64,63.57,4551.52
1969.0,90.79,1.47,54.93,3894.54
4156.0,68.68,3.47,91.47,2642.64
3122.0,76.32,0.22,85.33,3207.48
4699.0,55.62,1.6,80.86,2468.96
4777.0,50.13,2.79,57.8,2544.34
3900.0,81.9,3.2,73.92,2834.61
523.0,75.76,2.93,89.03,4462.57
2393.0,79.68,3.52,65.18,3633.05
3117.0,89.69,0.13,65.58,3282.9
2593.0,82.33,0.59,50.16,3632.11
1968.0,58.74,4.36,58.71,3911.38
1753.0,68.04,3.44,93.77,3834.17
2296.0,95.29,0.65,72.09,3644.44
2261.0,88.5,4.23,99.21,3504.19
2286.0,77.83,1.29,69.79,3689.54
4202.0,62.78,2.44,85.76,2670.2
2878.0,65.1,0.81,64.1,3452.2
4143.0,86.6,3.58,68.19,2728.56
3644.0,92.56,3.37,59.54,3011.53
4432.0,83.57,1.13,67.35,2618.75
2055.0,90.48,4.33,77.36,3711.43
4720.0,88.33,2.07,99.59,2294.73
1276.0,57.49,1.53,83.21,4165.65
2766.0,71.2,0.85,59.96,3516.33
302.0,57.65,1.4,52.25,4808.42
638.0,61.76,0.21,56.32,4623.81
55.0,93.46,2.96,78.13,4715.36
4821.0,73.64,4.23,88.26,2308.65
525.0,76.77,2.79,97.02,4420.96
4569.0,58.92,1.17,50.79,2681.96
4123.0,65.61,0.26,76.14,2773.93
2125.0,61.51,1.15,73.54,3785.24
3287.0,60.31,2.14,82.8,3150.48
364.0,81.9,3.82,77.98,4576.09
4621.0,62.84,1.02,84.35,2481.85
4978.0,81.6,3.63,82.9,2247.01
1646.0,52.92,4.35,55.85,4098.42
918.0,57.09,2.32,89.99,4303.65
2797.0,63.73,4.13,56.16,3501.99
1531.0,79.85,2.82,84.93,3971.98
3345.0,83.79,3.22,70.81,3123.66
1906.0,72.14,2.68,75.69,3847.48
3086.0,72.29,2.37,95.16,3162.9
4580.0,86.23,1.25,94.49,2402.58
2075.0,50.79,1.59,90.89,3740.6
713.0,67.05,1.52,75.51,4466.65
1062.0,90.94,2.86,86.81,4174.47
1976.0,80.16,0.69,75.64,3816.58
1296.0,66.86,4.59,93.48,4054.95
125.0,95.28,3.63,70.14,4709.94
4632.0,88.63,2.07,98.51,2343.51
3596.0,63.24,0.88,96.62,2933.66
3283.0,82.26,4.42,87.08,3064.35
1603.0,79.79,4.14,63.97,4027.71
66.0,70.06,3.64,56.58,4857.6
232.0,68.35,1.43,92.74,4619.32
2156.0,67.18,2.07,58.27,3825.6
1169.0,80.86,0.6,92.71,4134.18
2158.0,72.12,1.03,74.54,3743.8
4206.0,91.59,3.94,70.33,2672.81
1493.0,83.48,3.6,95.16,3924.71
4718.0,53.5,3.01,80.19,2452.96
4007.0,82.01,4.49,78.83,2743.44
2472.0,63.56,2.96,77.94,3567.61
2660.0,79.64,2.39,68.56,3494.04
2739.0,84.01,1.77,89.28,3348.4
1761.0,61.54,4.71,62.64,3986.14
3514.0,72.84,0.51,96.94,2957.54
1975.0,59.52,4.66,94.7,3723.36
2362.0,52.62,4.15,66.87,3687.89
876.0,68.92,0.74,86.47,4334.42
3812.0,68.15,2.87,78.66,2885.72
3448.0,99.77,4.35,66.88,3048.58
1312.0,72.32,2.9,99.43,4023.22
1460.0,66.68,4.55,51.26,4184.88
2709.0,79.02,4.72,62.63,3477.08
2324.0,54.44,2.17,76.0,3677.41
1733.0,98.08,1.95,76.1,3887.36
1605.0,81.75,4.69,79.45,3939.89
2563.0,87.74,3.41,87.58,3421.02
3421.0,58.52,0.67,81.17,3109.9
3517.0,70.47,0.31,80.01,3047.41
2397.0,71.13,2.87,52.68,3717.19
3735.0,91.09,4.66,68.83,2909.61
2870.0,50.06,4.24,61.6,3464.49
1160.0,65.04,3.41,63.27,4289.46
4854.0,99.06,0.78,77.72,2328.48
242.0,73.74,1.35,59.98,4768.18
2590.0,69.13,4.39,64.7,3549.36
1063.0,55.99,1.0,61.85,4387.29
4324.0,98.71,1.46,97.43,2488.81
2595.0,51.0,0.74,97.23,3456.98
919.0,86.86,3.41,80.5,4280.17
5.0,88.43,4.73,96.23,4642.25
467.0,62.18,1.42,89.29,4531.5
4170.0,83.58,2.43,79.5,2676.06
3.0,54.65,3.21,50.32,4955.52
645.0,62.85,5.0,88.63,4408.69
117.0,89.4,0.61,85.12,4680.95
2928.0,93.23,2.54,80.76,3270.29
2551.0,80.42,1.99,88.02,3453.67
4289.0,75.34,4.34,75.65,2633.16
846.0,57.97,2.43,85.2,4360.73
2762.0,53.16,0.64,96.76,3372.46
1141.0,55.88,3.21,68.79,4291.7
1810.0,61.37,3.88,85.41,3856.47
723.0,67.08,0.11,73.78,4484.27
224.0,69.05,4.31,83.72,4638.22
4627.0,67.32,1.01,88.14,2451.03
4208.0,61.95,2.81,52.27,2832.68
4654.0,75.49,2.14,82.33,2439.0
2048.0,91.26,3.63,61.34,3800.52
4749.0,63.99,1.92,83.5,2410.83
4415.0,97.12,4.36,73.42,2537.56
1573.0,93.67,3.68,88.68,3895.98
1828.0,58.09,3.27,56.17,4006.24
1917.0,89.31,4.0,81.32,3766.28
4234.0,78.73,3.79,63.92,2717.98
2026.0,78.33,0.28,92.65,3714.34
3744.0,69.55,2.03,96.42,2836.46
901.0,75.06,4.66,99.82,4203.68
4785.0,69.86,0.72,89.8,2361.62
2039.0,76.99,3.71,87.69,3700.98
9.0,81.4,4.88,60.78,4830.07
260.0,83.72,0.36,66.8,4715.01
1673.0,76.62,3.44,73.28,3959.4
2219.0,86.07,2.39,88.67,3601.07
2060.0,57.06,2.94,95.75,3697.75
3713.0,60.6,0.52,59.46,3069.84
1619.0,90.94,0.31,96.12,3874.93
320.0,66.13,3.37,84.78,4600.16
1342.0,51.14,4.13,80.54,4132.68
2376.0,57.69,3.93,59.99,3707.34
2832.0,61.18,2.76,52.78,3520.11
2824.0,97.87,0.59,78.42,3344.26
1994.0,78.65,3.47,82.58,3748.1
2958.0,96.64,1.29,60.54,3362.18
2038.0,78.76,4.56,77.82,3738.73
3490.0,73.97,4.21,92.82,2950.87
3677.0,65.69,3.58,91.75,2885.6
1118.0,80.32,4.75,96.37,4101.03
1604.0,56.96,0.25,68.29,4090.07
4027.0,94.91,3.71,65.9,2780.09
235.0,91.47,1.72,87.47,4595.03
1969.0,65.88,4.54,71.56,3830.57
4429.0,97.64,1.41,54.38,2654.27
1908.0,91.26,3.65,64.14,3856.26
375.0,83.32,4.4,70.93,4597.22
3530.0,56.09,0.3,64.63,3146.65
2635.0,73.91,2.05,66.61,3531.14
1570.0,75.31,3.84,64.69,4052.59
2560.0,61.63,2.33,52.07,3663.08
3391.0,54.0,1.41,81.85,3123.13
2965.0,88.84,1.18,79.86,3278.73
3643.0,56.1,0.74,82.67,2995.51
3850.0,79.71,4.3,59.62,2924.49
872.0,96.82,2.92,64.78,4367.25
1252.0,93.81,0.47,80.98,4126.74
1314.0,63.89,1.97,79.98,4145.57
4820.0,92.57,1.9,75.32,2359.25
2898.0,50.02,0.99,67.52,3453.46
77.0,50.88,2.23,95.65,4709.16
2621.0,80.13,1.73,66.99,3527.03
4227.0,68.24,1.77,72.78,2718.37
600.0,69.32,3.72,83.91,4454.61
1065.0,78.22,1.19,77.15,4263.36
2136.0,59.59,3.25,67.34,3793.65
2449.0,60.59,2.9,71.78,3616.45
2343.0,74.23,2.88,89.72,3552.58
1863.0,87.71,3.35,63.91,3890.05
1318.0,80.97,2.79,57.11,4215.62
4711.0,64.87,4.41,65.66,2492.39
3597.0,71.52,3.41,92.48,2911.98
3762.0,58.53,2.78,54.45,3051.88
4670.0,53.73,4.17,99.58,2367.95
2190.0,89.13,3.07,77.05,3660.78
992.0,63.27,1.53,99.24,4215.98
2712.0,58.89,1.11,96.95,3380.33
2192.0,84.58,0.85,72.64,3713.17
1248.0,80.9,4.51,59.92,4219.5
3054.0,81.66,3.58,58.24,3332.66
4598.0,61.44,4.69,62.0,2571.18
4033.0,61.63,3.06,85.51,2752.14
1997.0,61.04,2.42,63.65,3886.99
4916.0,58.69,0.39,67.07,2435.34
3687.0,82.79,3.39,72.44,2944.82
2151.0,92.4,2.95,95.66,3581.86
4018.0,86.22,4.95,59.47,2821.7
3110.0,89.6,1.27,50.25,3351.82
1970.0,70.24,2.7,53.0,3932.49
197.0,82.7,3.29,95.24,4577.0
2626.0,67.71,3.26,82.38,3457.11
1202.0,76.28,2.85,63.65,4249.69
2035.0,74.08,3.91,58.86,3850.97
477.0,58.84,1.1,64.71,4659.2
1254.0,69.35,3.66,55.74,4269.04
922.0,98.19,3.14,97.08,4175.87
419.0,62.43,4.49,89.21,4524.68
2204.0,56.69,4.25,73.12,3726.51
2597.0,70.93,1.64,93.25,3426.96
1120.0,89.52,1.45,62.47,4284.07
3068.0,79.11,4.91,85.86,3179.4
950.0,84.05,2.68,92.81,4216.03
2336.0,59.48,4.54,67.84,3678.42
2243.0,80.95,0.9,87.87,3618.21
2645.0,66.18,3.25,64.75,3538.88
1857.0,91.72,4.07,64.94,3872.67
4612.0,81.46,4.74,55.35,2556.88
1865.0,59.94,1.75,72.0,3920.07
2912.0,53.23,3.65,86.49,3318.59
2853.0,52.13,2.74,97.01,3306.78
4910.0,68.57,0.4,80.19,2352.94
3228.0,63.29,3.48,93.16,3108.82
3719.0,82.3,3.48,91.12,2835.45
3228.0,74.97,4.66,58.67,3246.13
2371.0,63.3,2.54,74.29,3641.08
2891.0,57.46,1.23,55.85,3498.06
3756.0,56.36,0.32,84.11,2935.56
4225.0,93.23,2.14,97.49,2542.19
94.0,62.17,1.58,56.85,4878.59
2674.0,82.59,3.83,86.69,3376.06
1955.0,90.53,1.84,81.61,3765.01
793.0,80.7,4.75,79.18,4348.69
1834.0,92.98,4.82,69.51,3851.36
2116.0,69.62,3.14,67.76,3782.55
4106.0,97.81,4.65,52.26,2793.56
3325.0,56.66,3.83,60.9,3231.43
2919.0,55.11,2.78,50.76,3498.69
2597.0,82.93,0.98,79.07,3480.44
3205.0,97.14,2.35,55.29,3253.28
4807.0,90.44,2.85,93.65,2268.87
814.0,53.82,4.33,76.16,4411.24
345.0,63.97,2.46,84.98,4600.06
2349.0,96.52,4.5,70.54,3584.77
362.0,62.65,3.4,78.03,4619.51
2443.0,89.06,0.77,97.13,3457.01
2265.0,91.26,4.98,54.14,3714.55
2188.0,74.77,2.68,62.7,3766.14
3005.0,69.32,2.02,89.0,3243.67
3281.0,72.51,3.33,54.94,3256.51
984.0,61.35,0.63,53.78,4460.05
1639.0,94.47,3.22,68.08,3968.99
827.0,72.53,2.54,54.61,4492.98
2730.0,94.12,2.09,79.25,3379.56
3531.0,55.28,4.77,61.31,3119.66
4451.0,99.41,2.66,94.78,2425.14
2935.0,72.16,1.17,89.18,3280.56
3876.0,52.39,2.35,84.99,2858.8
126.0,51.9,4.6,80.85,4732.91
3177.0,87.31,0.96,93.17,3111.38
3056.0,82.95,1.15,61.15,3338.85
603.0,90.11,0.16,93.66,4398.37
3449.0,55.27,0.17,89.47,3065.89
4146.0,51.78,4.16,87.41,2694.76
3533.0,75.43,3.69,78.06,3005.45
3367.0,69.38,1.84,62.31,3197.78
3368.0,73.1,3.52,71.18,3128.7
3797.0,99.58,2.04,89.68,2783.58
1792.0,98.54,4.77,51.59,3951.29
2861.0,97.12,4.84,89.1,3231.37
3476.0,89.19,2.02,62.0,3103.35
3417.0,67.74,4.29,57.22,3177.08
1645.0,70.61,3.89,55.79,4068.48
1205.0,77.48,1.62,51.36,4319.54
3030.0,91.53,1.24,76.18,3258.68
2872.0,53.44,2.35,60.91,3479.11
3072.0,71.21,3.93,99.47,3134.93
1854.0,54.13,4.8,78.72,3873.08
4021.0,75.73,3.84,56.89,2865.15
4662.0,94.95,4.29,84.44,2364.01
2708.0,89.12,3.06,94.89,3312.77
3502.0,61.39,4.19,87.26,2997.99
1332.0,98.8,3.94,53.82,4177.85
201.0,83.37,1.95,94.79,4589.32
3507.0,50.52,2.8,89.7,3018.93
4212.0,62.77,4.04,57.92,2788.45
574.0,63.04,0.33,52.59,4670.73
