Operating Hours,Temperature (C),Vibration Level (mm/s),Load Percentage (%),Maintenance Due In (hours)
860,70.72522921018138,0.4393461008007137,90.4039641177915,4322.14
3772,93.17590703064783,4.803149938572052,58.89440620245117,2935.14
3092,96.14801158992424,2.443450943422026,75.73418085607194,3208.6
466,73.28500611594066,4.4894915271222215,90.41377197779688,4473.47
4426,74.04184890445367,1.678855966878679,62.69105390783474,2658.67
3444,95.92273624696506,0.7136444951208529,62.29037196530765,3117.57
3171,79.35341120682835,2.424246938540448,70.13821992311259,3230.86
2919,51.64233351217192,0.6583875101001541,94.73213987888172,3306.97
130,95.63747314395644,2.481475964589946,50.0221390718604,4818.8
1685,62.4113221378576,4.6094561879750975,95.06915483209676,3861.24
769,78.88159770457736,2.6517638949876425,57.69035123208039,4492.77
2391,58.27566587139869,3.1208486617859093,99.5043188033741,3509.22
2433,51.69395801232975,0.8675283411716608,97.7423496519234,3532.73
1184,65.57365855663787,0.3143045668118505,74.73375947956417,4250.04
4555,89.02478537730438,0.6429590146810545,75.63601239063141,2509.84
3385,63.87935863147091,3.032804720853392,74.07746701379271,3129.03
4117,61.00486070405485,0.5655573250622928,81.77218228297613,2754.97
4843,60.634039217061314,1.9423651607124264,54.53608511174655,2515.13
2904,75.75868412034063,2.7954505082449645,51.63089741707832,3460.37
474,98.77706578413782,2.00439871328625,52.88514642079494,4630.98
1082,72.94944940085065,0.9020506271799772,72.21826746207572,4292.99
2558,77.86526844450239,1.441577406819122,63.77739696097417,3581.97
2047,93.0316008945367,4.648755910958028,81.10197811854968,3688.44
2747,76.75348594668293,3.4123131503731416,99.62211446873894,3290.76
975,59.2231435709428,2.5306344095314444,69.3161586538233,4372.17
1806,64.97979558832385,0.1623029609357782,78.69206270522567,3921.96
189,65.49684631343055,4.962835462398404,70.78019479536678,4720.98
2734,69.8659057728799,3.3901291809837524,92.36358338609296,3347.55
3005,71.33944526683747,1.6529201389902304,95.11182017311192,3212.73
4658,89.98910110371347,4.408416433989407,93.867780610263,2327.6
1899,67.46934995246664,1.3663149394299088,98.71861193396288,3758.31
1267,73.41159142206897,2.765681237995483,51.37595925702077,4285.14
1528,81.24879935255261,3.2167467422761438,91.99080810727656,3931.38
3202,68.88629737200847,1.1832105201232697,87.58860865195467,3161.45
3556,91.82824066461664,4.89414666612292,61.43472047001824,3032.23
3890,79.37268021170371,3.766140339297088,97.81600466937638,2719.51
646,64.70223396104858,2.8332848050042427,57.40889641149728,4582.22
2888,85.7029599894914,0.9849135310589744,83.97749635669541,3304.86
2435,76.38238650723929,0.363905214290328,61.24451084079563,3669.87
600,76.72279456286235,1.6682931793528193,71.56903243870373,4522.03
2363,74.0543974193793,3.790617945975674,85.95799484722845,3552.7
2061,74.85059744106245,1.419723361679923,78.16623210165233,3764.77
241,88.26781405331204,2.743825480427976,71.37509156640559,4668.65
2041,55.14907396656578,3.6669411659806417,66.31692154659936,3850.95
2824,66.71814056552411,0.6289242017676754,91.98298278543952,3338.36
2612,53.775168190194464,3.45796027896778,57.19071751574069,3615.92
1363,87.66231103737255,0.5501673497792191,71.50514382649,4130.15
1478,63.61509273601497,4.829135736422283,95.18787858875712,3959.54
2556,94.87152049094422,2.493131237318204,92.29247752299838,3395.86
775,76.32892333296469,0.8383129277783992,70.04708812365233,4451.22
4014,90.03748857430605,1.777679816564378,88.15541818006542,2704.37
34,98.94657178079804,2.125740601546781,91.15804153544296,4658.06
3152,91.98944297282851,3.8151065542750335,94.44437120018148,3079.65
1955,93.34968800057618,3.742776551775386,77.2252884524614,3762.25
1585,70.39922476824223,3.0985084761529222,60.22304430273559,4084.6
3943,77.58612976296699,0.6190604915366155,62.76545382519658,2903.31
3073,62.69442820216521,0.8426899207796006,64.78473370208022,3355.76
1021,59.80565498467264,0.5594089111632276,79.69012404048078,4315.84
3461,75.2753939553017,2.928146638108996,51.64048120643042,3181.47
2613,79.75244898502103,4.39797836340588,81.80212343899842,3431.0
3843,66.96356229480955,2.225622510048382,68.21771192141159,2931.23
1500,78.47217588817502,0.8881560523929564,64.76209012448211,4110.36
4798,94.37302412567516,2.8344073932299385,93.97482853640632,2264.04
161,77.8360792391683,4.077585862641978,73.00011977903995,4708.05
4297,86.04065481552533,3.734389101413357,54.75265227663464,2718.31
1981,90.26574836789526,4.4191088204076046,91.33733840131237,3678.09
995,99.43643909777214,1.4617202765194526,52.38206287182533,4377.1
4911,80.15987010884898,1.050373949612097,86.33746120840983,2291.99
3342,90.3425074481293,4.4111007811155,88.69531108853326,3010.73
4551,98.13246592774374,3.322045532612313,67.6301302964429,2506.86
3798,97.22048627886367,1.6235517570370157,91.23939281388934,2784.13
1275,57.05409243888568,3.737505447805296,75.78297029282267,4182.1
1016,70.3196154136761,4.094080083953803,73.16468266363984,4294.6
337,66.19950305533999,3.113393377671549,52.27016407343463,4756.62
878,54.346250747517466,3.470632138411585,64.5014596824453,4445.09
1076,81.66203874554803,1.9387735317690653,96.550498544265,4146.54
4887,86.79523065980013,2.739608769980892,69.591198164175,2357.56
3993,92.40640477334418,2.6683799365581957,77.33502602783841,2755.33
4859,56.13884448313542,4.255434176540782,76.6010839492126,2382.66
379,93.82220379376469,4.215823503382694,79.52155449113467,4533.09
492,82.14627818071267,4.180134299800511,53.06654778216413,4632.57
2062,85.19730675692547,0.1540549098860824,68.10881273993641,3806.52
3884,95.5312001770152,3.772772873897553,86.1564136941277,2748.43
64,81.23806355216256,3.817514311543924,60.02801255364915,4817.21
2568,66.79329285749175,3.4240562319901957,60.178918877318026,3597.28
2027,91.25536657113298,3.805696823668118,50.50453033445124,3863.41
2695,68.15296060975453,4.225654820333872,71.87409633041048,3464.57
1495,51.71140554102646,2.40456336509875,94.1367190336711,4004.35
391,91.53272532826249,2.560046046093391,52.59504717936545,4682.86
4514,67.25960724406377,0.7110988788658134,59.55593547480013,2653.59
4474,88.69172616006702,1.9883418269320727,65.50422691713776,2588.21
3561,68.13789473329727,3.252489381567744,86.58623682821064,2967.77
2278,93.05340099873608,3.923958903121645,82.03177964012933,3575.49
3099,60.975526254047935,1.1643245786869318,70.79719522909275,3312.92
200,98.7273632599435,0.7753322058802535,87.95344696291878,4605.02
4875,88.98793873940154,3.348905822052412,80.4815505828451,2298.63
3104,55.71189629601984,0.1092114292720621,94.80203998286096,3211.47
4598,78.28883099832802,0.9740256631059162,90.90133745693464,2430.18
2454,99.26836561208674,0.2424497636853733,62.64068030446003,3608.84
3645,73.55327263469073,0.9177370774888676,63.57192888171001,3053.36
804,59.105356941079165,0.9884644716349756,56.26782378961928,4538.57
2731,74.2389183575173,1.999600614276932,66.84823628587283,3481.78
2773,75.62288279409609,2.071402910964124,99.97719593595473,3291.65
1570,87.08434721143328,4.383886105990165,70.28755843075305,3995.55
2690,84.94229265804522,2.599537591244244,61.02442173445532,3504.0
3840,70.12750217984903,3.6446833515002033,88.12414422377765,2812.68
1028,60.90115537470432,0.6102730538094084,77.1235501731328,4322.48
502,82.25270838846647,1.2046499017721,57.48007247634763,4635.05
4493,71.08519672766408,3.5444228607955166,69.03448405804329,2580.71
870,56.61381055626652,0.3587394062957877,70.72348577696717,4444.57
4488,95.02861506181928,2.4843285449943906,87.69148502846093,2452.64
206,84.56109288048272,3.036907931748376,51.033568444595225,4792.34
1484,84.15919282227406,3.050513655857157,63.45098233991553,4091.92
863,91.12919379558367,0.2123707752134059,75.8798150657761,4354.72
2790,76.48308393275406,1.6783292207230092,63.442337122642165,3468.04
563,90.75272142012284,3.218804190140855,81.42170237094994,4447.7
4191,74.90453767555029,0.8300987071312929,74.09337396373083,2725.92
1757,53.35876999578551,3.507536676807461,68.08551274297903,3989.28
1678,70.26240440138443,3.755033523187005,97.4604313435256,3845.62
3242,74.87324469899453,4.911649033186112,81.60797495932287,3122.1
4636,86.01012908161479,1.1282257747964064,56.49706861339706,2566.21
1059,55.32893650643372,4.143140271563964,78.00458487216977,4278.39
1722,57.00092693302245,2.649453226901405,89.03659266004505,3903.32
3314,63.18419013173082,1.92996672110645,85.42448487463986,3120.21
3157,63.32491966854411,0.6996461108933719,58.60446146476297,3344.83
2625,86.60922892295312,3.703977471788935,98.62099995200516,3334.14
2729,62.53653302807989,1.2557022358040668,72.4406822873303,3485.67
1597,81.65490316787238,1.9199678091779244,57.951250187013066,4079.23
3060,74.71369250691357,0.4064569117971054,59.009787706407394,3371.46
2693,78.66471890897003,4.026697887515644,54.91174960945403,3531.34
4891,91.9053481589148,3.856283767461053,90.17590542174672,2231.25
3627,70.21907507745121,3.694717567207332,56.10152471609244,3078.61
1363,88.54556885321352,1.5672732014102448,56.25626285708735,4194.45
1981,71.10180297753436,0.9500523639031904,92.52358073804189,3745.18
1663,67.69356882806247,3.224010995904126,67.23020422237798,4014.72
1529,97.93135886566102,2.5312152821547755,51.542895215403625,4106.61
2038,59.21854603394816,0.9734370878327436,52.59476497592054,3939.85
3302,54.5168480288804,3.4609652281443326,57.10852233519478,3269.81
2237,88.54929627677393,4.956519515924388,60.66966739878448,3701.49
1306,53.41248526770458,3.761375979935985,83.25730971192027,4136.27
4029,91.85394953515149,3.725933294759498,57.86631400009141,2825.2
2675,71.85966981786217,4.756532489359899,55.9437195588536,3541.5
1282,95.77568386459568,1.0943882011170207,88.23595707381395,4065.32
709,86.07664305609528,2.8711948281150583,83.55276419299572,4376.87
4744,80.52023335039789,4.900268903666029,71.7662110727618,2409.13
4413,97.46533985288828,0.9099411437538552,77.4654885740052,2552.14
3748,69.83246865260271,3.531234601278153,65.59920101632092,2973.03
4779,97.70434682698166,2.97046971526232,74.12502101176804,2364.76
663,56.75006387106035,2.9737475517246645,75.3336324491373,4498.59
1998,74.18774709662064,3.5185860748483684,69.3618635589048,3820.63
3445,63.49556111960975,4.655122922090853,95.32861053360811,2977.31
3743,76.99213894540966,3.934651505271556,50.80309324905031,3031.15
1495,58.10069389457923,0.375066906739429,89.10856315456232,4037.01
3304,92.07648301550216,4.278367297390985,56.21914156206621,3189.97
3763,92.32039246572786,1.20515251663609,89.87736802685997,2822.42
1853,97.76181563617396,1.9468794072082227,80.79559578383606,3804.53
4659,57.733607044161815,2.362490786700673,92.16390454682012,2420.59
1291,81.16662754524954,2.456439403690041,54.87571628204488,4243.22
3581,73.71186543501848,2.2323839563512484,77.9490317049887,3000.01
3457,67.21918660221166,4.693031141657736,75.05439401310986,3064.86
1636,67.57700805671094,3.5594931375537207,85.30965914816792,3934.7
3696,70.63967753033762,3.1927361651878616,76.71452759468379,2945.22
2999,85.24627748444766,0.3442259361364136,77.0367283566552,3291.38
3152,79.91430291340774,4.529175318275836,71.47979717880324,3211.48
698,72.98407563805655,4.556011940841142,65.44172120036704,4482.26
2160,53.79667051848111,3.923044010807502,74.1132180626096,3752.61
4097,53.888267203947855,0.1344430986867338,55.92461793842003,2912.76
4737,50.11696953128892,0.3806732302803545,98.07566694915424,2387.08
854,98.38496941035432,1.2035961411156,85.72053818132991,4285.59
3474,50.262690927919245,0.7436120999100428,97.62335583439234,3016.92
1707,55.15468730068724,2.0542965455482745,61.33636911649816,4058.97
2777,65.72982784047055,4.62085298463017,93.9670510088264,3314.0
1733,90.37151259083804,2.413096127565292,90.43949922817691,3826.43
4931,98.10493928820588,0.1656728695176115,83.85762062288367,2267.35
3510,89.5006779395928,1.485453878935934,81.2514593042603,2994.89
202,84.52801162228204,0.3185150510275115,65.8274832633935,4747.62
3255,76.06503337067846,0.2778093508061606,90.82053924825154,3113.49
4218,54.33526059310918,1.4510272801682065,75.07577307398668,2742.44
4496,97.90853965019652,1.4505004595268327,53.544578794564266,2623.96
766,87.91962069728407,3.95692035274786,65.6431580427565,4423.38
4389,81.94746926671309,4.876689798627448,96.76485492726638,2459.01
2327,87.95179227694248,1.918914760060992,92.5340130302423,3528.74
2931,86.20516646365692,2.2015457064190893,99.09528490382696,3194.6
197,81.86157898947434,4.239468237801505,81.3996691302049,4638.38
1930,99.0288400089994,1.4138811984680155,62.3755036570206,3860.93
3582,95.16819063180124,0.866270841576895,58.14075248384319,3069.3
608,82.33324595585816,4.280139154677888,59.34572203042308,4541.8
3272,84.65876057284623,0.327852873556321,50.98978291736272,3286.46
1147,52.5797903329355,3.1365272569771374,69.53410554929695,4292.3
4282,83.49587322750196,2.8537649525873534,59.57138402497712,2715.61
3397,52.208271885505006,1.7950101927583022,70.58277302283511,3176.22
2511,79.41318784849655,1.6444286533770591,96.74972159193828,3435.48
1794,99.96767497829174,3.8821028582899446,71.5270104753595,3856.61
659,77.79032907185898,0.5234805927364778,93.89922484924172,4390.19
2811,73.66050590406667,1.2602431156257885,80.27523833079383,3383.2
1369,65.64274282527938,3.68899878600664,62.3565777330696,4185.54
1986,56.02612893932322,2.786770860259479,67.79273796296057,3878.12
146,86.55118357291408,0.7271422218145733,54.19597679107147,4825.65
3219,59.62995138928152,4.422464509982095,66.67312967980052,3243.65
2911,55.76410106236422,2.027894448161599,83.8770472751767,3343.31
1734,71.08813298652562,4.156555039078647,53.60555464647176,4031.23
1843,89.76709189795487,3.959793776085773,60.270070423901466,3908.02
488,87.25322740601102,3.159684687711468,69.07205207066558,4554.54
2976,52.74413073232375,2.522957543345956,99.10247685079813,3235.77
1959,72.7571842518078,4.899799117870609,89.243091147944,3729.77
2385,76.12172880355845,0.8103288546611035,86.6743373246052,3563.78
2919,82.22733253129111,3.653263065000463,55.8095478262723,3410.46
4736,82.50836752216141,1.0368344371774665,89.04979468074957,2361.37
1802,68.23486247286529,1.7574892161285072,89.26344057580076,3848.64
4061,78.0338597001757,1.612623842528657,80.05513478121641,2747.03
3369,74.05309419220433,4.740476339919742,99.5180890999186,2972.4
262,94.24991782616404,4.840045271162548,66.2626952962276,4650.79
623,76.51325663174501,0.9967756767501632,97.06362241209258,4390.19
1016,72.05160808740808,0.2079722854577705,95.73655574782518,4217.13
3643,70.22427248409254,3.6280393943492544,50.57403298746889,3098.9
4976,78.62138797167329,2.1481506759653737,72.50582632374055,2320.75
2049,90.19884897004488,0.5353172009290655,98.85521165257867,3645.47
3723,76.92007451903937,3.450395117327509,55.15606812040379,3024.38
4548,83.08275875402708,2.771017088477429,77.38923471916597,2495.18
3108,86.89278834532625,4.904532427805419,98.9478753520552,3078.43
4090,76.00840549393659,1.214306529720757,77.774771205293,2751.97
2056,71.34085283274322,2.0794915940000864,59.4907651486078,3861.07
3170,93.83326889312248,2.7584744366375724,79.10916150462948,3154.2
1682,70.87530420139461,3.979329943421424,60.22202869747734,4026.35
2255,73.09714252877939,2.789309417928288,75.98521314472421,3668.49
1154,99.51706566708886,3.103210788223552,53.7021108956174,4274.42
4499,50.01187617879423,1.20812055279071,80.27413346072024,2587.02
3191,59.27364547883612,4.249901767633944,75.83949695640791,3214.26
1696,69.19819449598629,2.2002896801553318,87.00806843807315,3906.56
3991,96.62949547126264,0.7907021748566695,81.53502355793925,2745.66
4723,53.50148528737356,3.3545207810765456,77.48031342653783,2460.55
4682,50.4742716814249,1.158843220608007,84.48894246240606,2474.02
1648,52.63419179886143,0.5780563001725687,57.19709567861155,4128.97
1445,54.42717053068091,4.323735851180934,79.7679830629302,4076.57
4199,51.87983866031304,2.354795095993355,58.605530141138885,2830.16
3923,73.98906634282524,3.771490192209305,96.27611039259403,2721.43
253,79.03786036136638,1.5238790430511402,53.41670524228021,4783.1
3183,63.584348553450205,3.9561536610965655,71.51873748453966,3234.18
2557,69.91436919878177,0.6484860424054986,84.78987388277224,3501.24
98,54.58496675557151,1.8442695315947784,72.90111058341293,4808.88
2200,66.81852319142111,4.8925029080702895,54.60476266164512,3794.41
2961,76.12595958172615,3.9905496102032303,77.66895080633537,3289.0
4973,86.61359035923226,2.5365540585419724,82.08159544136772,2254.5
4433,50.16731810214896,1.7649096106532371,85.18961554952539,2589.57
3777,73.36553832688263,4.373464930110135,68.66299072313794,2927.72
2869,64.85014382274412,2.769754019514127,78.18299855143812,3367.19
3234,92.64109108459508,3.8162825875586446,72.53432374694566,3146.88
3791,85.77766576171209,3.795127633549204,83.60280193761267,2826.98
956,79.45542672354475,0.1879338249856099,79.17784836624092,4315.32
4067,63.86328228483868,0.718643535683806,76.28781097795675,2800.15
160,95.51695510287672,3.332183895334237,62.47621834191243,4733.26
4493,52.25503386101616,0.89193707530077,50.1009258874117,2739.57
1300,55.47337993395576,1.3519173888124631,58.70408376557146,4282.01
4911,69.5815070270178,4.738525975578075,55.85330207120843,2428.69
3987,56.22187786484282,2.8448930660370686,72.45423725054734,2853.34
1527,97.82078487797124,3.7785745842968015,80.61290753809223,3950.01
1218,89.89946610716916,2.8341056200349355,60.65425043424041,4229.59
4496,62.94913258009069,2.807316712435354,96.95285479835935,2463.26
4735,79.42771144866227,0.5613443596159198,50.33410646119439,2566.36
3104,99.11652575400409,1.7839496437846052,88.61505075826715,3138.85
2735,94.20994890657516,1.4839114035639076,81.26023847652212,3372.94
4555,80.0399223221099,2.014568991506705,68.6777400523841,2548.89
954,95.18619835876352,4.011886522299209,52.5244472206204,4379.89
4565,99.45924549066794,1.922470072792638,81.37432858921397,2442.49
3446,87.1676411446812,2.3133144142352453,69.28067564328241,3083.13
1045,53.2493204741447,2.0471688133780512,96.81335697066096,4216.46
1693,70.07901182127438,0.5576990626789485,77.09950374448829,3972.27
3436,91.89128676416227,2.2612535754288405,96.9825755646754,2940.69
562,61.52845979025095,1.0584854379181237,61.0241846736652,4630.24
2485,91.53212588753124,1.0149441492879032,86.28629551820516,3482.85
3354,56.016938101749794,0.5607769117279052,80.86245104243628,3151.05
225,52.34726785739065,1.8476877732946475,86.97041149156559,4679.48
4893,69.20453057456248,3.8116612354681454,60.73339319862684,2423.31
959,51.83659687133069,1.454564283858641,83.24972581188868,4336.03
4548,97.86351314916628,1.6305105992390168,74.90201965284345,2489.46
3067,91.3102847896983,3.249105822594876,87.1412487453158,3165.68
815,90.03848435649375,1.0596199816759029,66.35223220759089,4420.07
4754,81.48889614980766,4.495093859075318,94.50285127326262,2292.56
4642,60.81620115182768,2.648933563932617,54.21506573056752,2609.8
3120,75.91301833381961,2.2932544075690635,90.3594659395594,3163.44
16,79.86370362151705,2.833318940453087,93.06598129075454,4688.61
1243,76.25157504301342,0.9135681357393578,90.86261556834106,4112.55
2205,63.011668397576365,3.106018379331964,75.6363197130888,3712.23
2524,75.76239621573629,1.8791936095066517,71.91924900153806,3558.09
1069,74.55931704343132,4.496213070726633,99.81311432624383,4122.35
3444,99.8167887903362,0.927385612720662,61.45859756070811,3111.8
2565,94.8718074023102,2.584550408940661,77.34379829380222,3465.19
1060,73.16903741078099,3.0307518839081884,83.53377626911629,4225.69
2327,81.14686914675593,0.263579648753268,85.0433817930716,3596.35
3420,87.39358020461142,1.8820963113050877,60.20123328692893,3145.39
301,51.743258011691246,3.689912650034081,82.69970461699006,4645.62
4276,94.746072061392,4.1198497864999695,90.91847832406688,2526.72
606,93.00634082089618,1.6344937746046837,52.50092884105561,4582.14
3170,72.87160488868537,4.013107034675481,95.57606466626582,3101.25
699,69.558488304019,4.842003797806606,51.4752027572603,4555.59
1139,63.64796874281575,4.298682286767961,67.79855162441972,4271.22
190,73.83384141651842,0.6764555419806935,50.790659811648105,4846.61
2300,52.21883317666184,3.724678627219149,53.85725842697909,3789.03
980,92.6096766673504,1.666367478958669,95.55841425900395,4180.32
2975,51.77111842092725,4.943238348119175,67.74304153730739,3370.81
1184,66.45256826849355,2.478259017483447,71.23857652125264,4244.12
3327,96.5794744159495,0.6999261019588111,60.767219069127634,3182.51
3394,86.76063272617264,3.653409185334215,79.85478850933599,3043.67
127,64.06954802887634,1.682754872092448,79.74016073388948,4742.83
2065,62.632454698044256,4.985682969700142,68.61001959126096,3799.33
1816,50.2541069909013,4.900934043487157,66.65174359026992,3959.22
569,84.7857146424875,3.315056688300846,94.2482154090294,4391.54
1895,52.43917908365866,0.7361495998634161,69.16421198211006,3944.44
2733,76.63012597003811,3.4656188886076427,74.67504960772041,3422.21
3863,98.10609862960249,0.5558493836541334,64.16523812124653,2895.9
4721,55.473443002722696,0.2438843796017223,89.33847516785636,2429.42
4014,94.72399654840336,4.132496386485282,69.87240784495458,2762.87
2901,99.5737667572524,1.1277894436500389,75.68055232721622,3310.67
1686,53.07585131196176,1.9572329184735773,62.66785850298307,4067.94
3009,94.14531345687304,4.8699412108832485,99.3829796170626,3111.6
154,75.80395102218083,1.750518459119406,64.57478704618615,4781.01
2537,95.325685972229,1.552799928288245,88.53712654527757,3432.63
1409,78.56594709597871,4.599219198151599,71.37478251783796,4085.5
4057,83.10560050532823,0.6426673820628948,60.310870254207,2847.31
784,77.18894539986997,3.821953809561696,89.98593819824306,4315.47
3175,93.22464401536745,4.941521276598593,66.68033945145216,3193.23
4341,86.69549594768509,4.51635045279578,93.25966736989056,2494.65
2806,76.06301560902074,3.293172801661487,95.76285924589116,3283.13
537,93.40804020257735,1.638897895464387,92.9911917695638,4413.34
1841,62.26427661276673,1.3461777077737522,51.75039574034028,4032.76
2455,57.8670329851263,4.114350013870159,89.36866725025527,3518.78
524,58.0200052665036,4.4111273783633065,70.56697332495719,4575.01
2950,66.7004439372619,2.6746310714738954,93.68614600911124,3246.42
4131,61.93450156505088,1.2972657098536844,81.89771313423694,2738.17
4780,96.50451752548692,0.6534217212147504,91.68215670719792,2302.05
4115,55.2917046914292,0.5271793923759728,74.97158849334177,2801.79
2368,84.94953690197939,3.623479492033893,76.75127522994664,3576.11
3847,59.46107698925029,2.1585817664538527,57.21938160668336,2999.9
4495,94.08185663851752,4.536263383961565,89.19936793446777,2422.98
2701,98.06576440924536,3.7243893735611424,70.96948058334858,3411.28
971,73.27350043849918,1.0371760477814749,75.00400591357914,4332.56
1166,93.95357401140656,3.1075093521969257,89.25488570478538,4101.74
4929,50.25725853773574,2.233976726550981,79.94227000397194,2362.93
2774,90.997345870405,2.9285236807662045,60.05493637213337,3451.45
1982,61.43125807624617,3.7165387043587343,79.51163295754463,3801.41
853,95.4350654634684,4.050359816918575,70.38164289898279,4340.22
4146,50.05600557400548,4.234312899392949,73.47627710219314,2767.16
3736,77.80908675198785,1.3444768854029214,51.41556372013339,3055.86
3769,87.83179018924673,0.2524664395950526,60.50146747581408,2984.8
574,62.9344165348954,3.7225442023073887,64.05190406905142,4579.65
3261,59.656643229364654,0.6210842586532955,85.64800039294029,3165.74
1148,54.20491122339924,1.6431059842035416,50.574623664905765,4398.29
1715,66.32167882516465,0.118703957209301,70.4388630614566,4006.48
4777,77.99221561544147,3.4401804637679385,96.20134352128665,2290.11
4933,55.79219283901288,0.9189468562089842,55.594030827456194,2484.76
3854,68.83476809933994,3.3108838074891254,75.82121941093055,2873.12
2491,50.45362023263625,4.9595388241224105,89.32611911954235,3507.37
2660,90.93397102499208,0.4560872708890798,97.12656537600584,3347.94
3124,56.422435904659565,0.4776822585621574,87.3388319766859,3233.68
3051,64.16714741327908,1.7678624540667072,86.0282774322203,3248.35
4,50.92138593691087,4.345293919831576,91.32440450978812,4746.08
4869,71.61203919462562,1.1560963570775262,72.31006104887719,2399.16
876,92.00607513706096,1.8658513176587035,90.29222663089166,4257.87
991,69.60756057225983,0.4356764924721999,50.39822023727256,4458.94
4142,58.97486617119167,3.8394609271685582,96.22805276884024,2641.52
4364,87.68494170252596,2.100701079521311,72.16532547585877,2610.8
4465,89.44034909353721,3.82031879199813,77.66900939328738,2512.07
635,58.68767376537834,4.527678437299296,62.74411244574412,4556.13
1693,88.5427054270495,1.2405394207963152,87.12654164202107,3878.38
1682,97.36489441281692,4.056240548665762,53.83179032376244,4004.55
4752,58.31887934661361,0.3895600613834411,93.63179012734176,2385.31
119,88.54921462660678,4.504352202083212,91.40584145031714,4611.33
830,85.42860023013147,3.2887658830378625,60.80300581223832,4427.24
3675,73.67869442175443,4.383710948277923,90.46621991426312,2868.97
1369,52.89602302793992,0.1009231578272513,89.31788665307408,4112.11
740,53.7347208878927,0.9284972447443632,81.61082988769745,4455.19
116,92.62073295993238,2.009820998389811,68.67600884498438,4743.28
2838,99.50741863753235,1.9595642265361213,63.57493770909339,3394.51
1150,83.80261285933773,1.2109788763252023,61.5891795144675,4287.34
1931,72.29791535051608,1.9698985053492808,65.93044813818035,3890.55
1012,82.37868217009537,0.7313586888012487,95.17792217162652,4196.04
1664,79.71979296142726,2.122529533403528,53.882038799439066,4067.92
1081,69.18061302028109,4.031536212880395,91.44356381264794,4173.61
4729,53.28130722870065,2.447443309206421,67.44450375209118,2517.24
512,91.07564737037204,0.1882004358315534,76.07996980056791,4529.57
2849,68.59167646193623,2.1650758037383127,89.72428168242453,3318.04
559,90.93928216785469,0.2331575788451364,94.21882735114856,4415.2
3672,62.62543748441911,4.834592712463311,67.23907100363235,3004.21
4583,50.05147399228167,0.724524401172058,73.09217406375552,2585.69
4992,57.94691416383783,3.5676727990200323,70.72580324083961,2348.8
3343,73.42697083842921,4.86660398217122,50.66255167519553,3229.67
4070,97.21518174789148,4.147591353166202,64.79714444293283,2755.11
4799,55.10968098468595,3.5266453381183984,72.95946168662809,2440.22
1470,92.7104887230783,4.213358456553758,70.55468044402198,4034.67
580,76.3512048105931,4.910813596977075,86.09646137578397,4427.71
2294,91.29603828999484,3.144588036542295,69.24018086105517,3642.76
3147,64.91872154949964,2.8400055534637,74.46882244853352,3245.92
4249,91.9973582336236,3.178366741270079,71.48042960661817,2652.32
1679,88.64113900084023,2.71011184513162,87.03130744471852,3870.96
3506,61.5026841515717,3.211936618957622,93.14861994934812,2976.13
2744,56.566756320468905,2.3042268190655406,76.59445395037571,3458.85
3356,93.40271612661464,1.170371596128205,89.47160970975956,3026.13
4045,98.1618326720066,0.6892114099072106,64.83933410099253,2800.09
1243,51.565115687375815,0.434870584108076,77.06848050786343,4235.68
3118,86.56350334868428,1.3902473403906803,67.26149768349862,3267.66
2141,95.47622554739092,0.3260054652450958,70.71004627859152,3731.74
3059,92.86800460462491,2.8791368216049897,86.62069324063343,3172.87
4548,98.22602361351042,1.4907593904152496,94.08312411663564,2394.22
2959,88.00470392190485,4.140220559626457,56.07476955438827,3372.71
2265,72.11493811904552,0.4637802776430936,81.73196282436902,3659.97
2479,65.59759952475652,1.2091223222732812,79.10719037888992,3571.68
4646,66.03713702190637,3.678206120741715,55.92075195879659,2578.54
1635,86.22113363070585,3.0341606522791085,60.594716522005456,4026.74
1757,87.29185060154822,0.4160072291209209,65.55012473663402,3965.01
4452,60.01795717743563,4.398473340094782,58.34655354087507,2668.25
2070,93.40614067452654,4.398582637848279,62.18647412621709,3773.27
2849,85.74620201011238,1.7189992189912922,63.38003994308538,3419.92
3251,78.13751431716913,1.7679886324128673,66.78369165195298,3216.63
3730,73.57662300512564,4.946238955915852,87.46952264005796,2851.04
2489,77.16164028949791,3.1682632408063776,78.59561019253003,3526.52
1631,57.962286913963226,2.70345095078349,99.31233359757007,3894.98
2816,60.18506246381371,4.20694569940443,70.73679134837354,3425.88
1015,54.55822452030959,1.4979226579508509,87.69325369184625,4279.94
1348,57.682901908055634,2.202994707642149,93.57342106882668,4070.74
4611,72.68468173026413,1.4121057098928376,83.9489246519021,2465.26
3087,76.5177196864128,3.966888148284784,70.5932370208748,3260.83
2839,50.89309462391597,2.9094117936125685,87.67973153728764,3361.22
335,89.83989139320138,3.328242843686346,60.18335688863424,4668.62
4592,64.7083986671739,1.3363055242130923,66.37760825900662,2579.33
895,95.59180174799556,1.1791039767488445,77.33426275496444,4312.85
3546,98.37556318068889,2.4930356820164,78.77046936430742,2961.47
851,59.27294373383272,3.714072170554852,51.10707377363147,4513.28
1687,73.10486453828304,2.673674811848785,97.25570943780043,3847.27
1931,50.06159175832129,0.2599638199737761,84.8313635608695,3857.62
3746,79.91636325612134,4.355902380969415,74.78518751159456,2899.68
2427,80.36532241313355,0.4169657782241447,96.65636172041542,3488.32
1568,62.37699778016876,4.783539970231686,71.95477826254142,4033.64
4000,77.9206336291599,0.2231955955586363,99.0217785135186,2696.82
2738,61.27700712218677,3.502807235040473,75.61423786217426,3445.35
3498,58.041273453909504,0.5028146121877302,55.71428849989897,3201.32
3913,82.57597334011324,4.562315239232184,88.24004862296385,2741.52
1066,66.29627319760374,2.37572285750516,83.94488625389202,4240.93
4380,79.51319694428112,0.7738664966033755,88.64933606527933,2549.99
2444,71.66233744858278,1.7699969289702486,97.57210143628404,3479.11
4107,99.2175703701452,0.907640909199134,88.8244651325509,2644.87
3373,57.47903213337829,0.9358513666297412,80.56683011083234,3136.35
3969,73.22992983179051,4.745730768840067,92.86544511804205,2707.26
2546,84.02283131796626,2.2817059501954624,83.66232196772657,3467.83
753,69.77725419399843,3.965131093136262,70.40595284129616,4442.26
2082,98.73499259353449,3.234067249770641,94.28098821208866,3607.78
2774,86.09438139634676,3.4144891754581224,61.095023039218646,3451.19
2896,82.84919287822466,0.7452978485129887,85.73206374543621,3300.19
4185,87.85296338056116,1.24750378939588,94.07817274703784,2598.93
775,97.63243190193586,3.955076642256741,86.56582598516482,4294.86
1625,95.390932649232,4.8567544117264365,84.86377095269285,3873.83
3069,86.21426540632059,1.3871106487333935,87.6319147035918,3191.04
417,87.45808195506416,1.4306869472800956,73.25276241503222,4586.01
114,57.29610370175728,2.417195950773434,93.7085341078513,4685.69
616,55.13962022463328,4.920817532991645,60.17182375680456,4581.65
3974,78.54522509220821,1.4178988345497083,56.369320800016965,2909.88
3267,50.918381847027,2.0941623572078933,64.27543900592558,3272.34
825,74.11781907757958,4.468252076555183,76.57886983874965,4361.69
1516,60.51747899594343,0.1143130598446738,75.5280897704669,4092.18
3146,67.30082838224197,0.2948532284439908,91.02993788382932,3184.3
412,88.79023678964779,3.0599512176489747,70.22843282020087,4584.68
728,97.06187521161932,4.546162807092951,74.21722131457543,4375.33
3348,53.62081360731708,1.2703976359694458,50.66838416296978,3302.71
2808,76.71211029882225,2.4012446959354743,70.48696182214695,3416.13
675,94.12667429098,2.3072799781233098,82.38871164751711,4389.23
3465,54.12542672202106,2.417559595868,50.77541653132961,3231.2
2504,91.2257023448417,3.150346509075752,64.0440982593122,3563.82
2967,67.89006754641358,2.4017444386543505,60.397817964469496,3404.71
2786,66.10473511096677,2.292593892480044,52.09927144547941,3541.37
1122,98.87331931573928,2.4240132601131767,73.96300449572688,4197.2
4079,60.04295449311471,2.995250462228104,59.08616466140782,2865.03
1571,84.65969704113405,2.7313366929216563,87.154076981569,3932.1
2143,91.07203640049332,4.285266388487471,92.39639418816742,3591.52
1687,52.05917476396358,0.3425345821189664,77.27925913345739,4012.56
4132,83.51927291772061,4.183253650217761,99.08536712605708,2579.7
3851,97.57749871776636,4.235230601797448,72.52392857352976,2824.37
3440,56.210998336402966,1.4960493055017083,75.66841051124578,3124.28
3766,94.81106513425192,2.3679745795776683,99.4608876978875,2756.39
2326,79.7388318688468,2.248838593833434,61.577421798252445,3697.15
2914,80.8302290931237,1.1706981883352383,97.12729698384528,3234.0
4968,80.64720874328029,2.0443045507229507,52.14187775595566,2423.55
3952,64.9417943168657,0.3175000836371867,72.31934451315973,2879.34
595,96.760090764973,1.461328156630499,53.500175606653286,4576.87
728,97.36752313155192,4.101742659708519,86.46173714568215,4317.94
1365,81.26523301069739,1.4943552786381982,80.4204467940009,4087.92
4492,89.17113629708074,4.109212676866413,85.33171317337982,2457.91
698,80.6128992940579,2.7048373765617115,68.72401999840085,4469.11
395,74.21992237870202,4.411327119069684,68.47409670156901,4617.58
4171,83.04100591496254,2.9164198158956345,52.26596394804473,2807.92
4360,77.65007262959793,0.2453742930172251,67.49724697648199,2674.76
2502,79.8737931315965,3.409559016980737,96.46442011310296,3422.83
1819,89.19162767094309,0.3197824833154864,68.96132685902245,3914.11
717,74.04519157244924,2.307925393017357,91.5683853110985,4362.49
2782,52.03770530462364,4.654190802918259,92.1162752374967,3347.8
4946,58.19997404947486,0.909499302755466,68.6620578189617,2408.19
3577,71.93036082447692,2.010374529413566,81.59943401980945,2989.54
143,86.24132799370292,3.6763155133575447,54.76858011365293,4795.41
4980,79.66393241550894,4.423066924864753,55.18392903671383,2380.52
3140,82.5147092936727,3.387620723238289,52.432883183085664,3318.93
4491,73.96394642881437,1.3650489455367294,79.05075466875547,2547.67
2938,80.78710109711214,3.4055784792894594,71.30354888130485,3328.85
3636,66.45087189073311,1.5539654414100412,77.401617833212,2996.55
3222,73.50912963483326,3.620303226111803,76.05365952541939,3175.51
1167,87.21395327974778,4.774762325166699,67.51014955453651,4206.77
2616,93.59163894865604,3.634827910420813,83.87367074117364,3399.1
1062,71.68276669781945,4.32811446427082,87.92509404581953,4192.73
2156,52.18308288536806,0.1103088315618287,50.73141294388378,3912.87
2982,58.08362720734013,3.6161034111848127,60.36211498844391,3404.86
3294,51.043056964576905,4.164979028639727,85.66179340416684,3130.96
4729,82.6631509618665,0.298737813968939,69.3310086316917,2470.53
1156,66.61573126775545,4.37082886371233,83.12419734708041,4179.44
732,77.12393178596838,1.3578017187192248,67.34813298672792,4479.43
4330,74.66384233918998,3.359931299692471,69.53775761648185,2654.38
4846,54.07632447762133,4.021738907214693,57.93394368448425,2488.96
953,70.16306805619159,3.3470561139908424,62.911550983308,4385.15
2539,61.028056246116165,0.5521954811589606,80.27058787537936,3551.57
3324,70.91998943338264,3.021975442415805,71.65815556575832,3157.65
3301,60.178914017112135,2.792959917938504,88.71513414722975,3107.64
1542,92.02262031384667,4.5115742135639305,92.62924774691714,3886.69
1191,58.70966682891268,2.080774675256625,77.08232091083799,4230.86
2993,98.03902757434884,1.673297375726546,87.91336460280296,3201.12
2681,70.79536830734705,3.774268745738685,65.3452256597285,3503.44
1217,92.31226460095246,2.122109097808644,70.7485607700039,4181.91
1540,81.43824091029725,3.265871257524809,85.63888381084155,3956.27
3236,86.76751493328763,3.2676054416105744,69.31059964085154,3179.24
2386,88.386194403339,4.4513914153645775,79.42524675794944,3538.59
3719,75.24224409465089,3.033592771363577,59.26863895412558,3013.34
1388,77.16502616816442,2.560552688813736,79.9885657485249,4076.12
1856,75.69979339043624,0.7804694993429333,93.07568536134468,3797.42
1365,79.40291890450396,0.6671142727256563,93.43198199117128,4034.86
499,51.46972228782536,0.856175669887089,86.21722031647698,4557.91
1680,69.77575849245076,0.9420575585027632,87.2876689538063,3924.59
510,80.30943567805858,3.2255977540518064,77.89637225753503,4512.64
4312,79.88617826279321,3.730808126345435,79.23340450829124,2600.75
1324,89.64780473028158,2.696958462339452,56.6825290705259,4198.32
1155,82.75046694160542,4.162186889472906,72.19295942106505,4204.41
1827,99.60666581703362,4.9571898109948025,72.53881419431819,3825.02
3141,64.19272643043224,4.118061882684844,97.924891783387,3120.31
3486,67.95755148331158,3.5049236310122005,71.55434313116447,3078.26
1810,69.19235759338981,2.7092142272420188,77.46713224513789,3892.19
2923,73.29064035101243,2.2993800512060707,76.66256996395512,3335.61
2214,91.79990318906049,0.5135226646682576,81.83808585221635,3645.07
4186,61.78960469796049,2.0569068671339856,87.4116415665948,2675.79
713,88.80001035177148,4.559659720232458,61.252093808543606,4464.04
3602,70.26550915428717,4.05931088654211,76.4362209549218,2985.69
4134,80.09276918310043,1.1586516885572675,91.29588536580152,2654.75
3522,81.62702666131531,2.386378145016358,73.15573569187558,3036.1
4268,68.64243185944673,4.101943692536868,63.92287731867865,2718.08
4748,75.63076026029026,0.4301843184490603,82.73545376781496,2406.76
4849,70.65155873238484,1.9982236697764308,91.18836978995614,2308.27
1243,53.456639309330974,4.274022060682343,53.15701464636957,4313.06
3709,71.85826944084133,2.0790995344336065,88.83952417036136,2886.79
1081,54.86966962767761,0.4803117591840602,91.08239664808856,4239.55
455,70.25103995401608,2.7584184058080323,73.07614637943034,4589.03
4924,79.6459199915891,4.322538225099647,99.16528284092335,2189.66
894,78.97074496717504,2.992399160470483,89.33541703536545,4268.46
1384,83.13106395041602,1.208767630249736,88.68312824478329,4036.23
1958,54.76307539773131,1.9827741386731688,87.39192872060359,3804.69
3072,82.6061622765219,2.305604469791468,57.5304051609137,3338.08
1996,65.60740283482235,2.9384051337205817,60.86154432265055,3887.09
4285,69.95229730685556,3.820820026187804,73.19950657322124,2663.39
504,92.8993126961353,0.5844807264391135,63.20021749797329,4590.36
1214,50.45152020647751,4.459294961786075,70.76204861670202,4243.69
1531,79.42063166703028,0.1603175447787704,94.42320549614604,3951.94
3440,79.93569900500538,1.913256439903851,91.21634459396348,2994.91
823,69.83298881717809,0.2343595188660225,81.50199392399911,4388.98
928,61.851392855416805,2.025573704191927,92.90601971255518,4277.51
133,61.73370191307755,2.6764817344792866,89.18861945086246,4687.32
2105,94.18548348303764,2.607238794249408,71.44924659204452,3725.81
3627,72.10121868914288,0.9115789004385002,60.05325760249725,3082.92
4780,66.5444681494586,3.2641284994685007,75.71005200046696,2415.72
1852,72.43887869157015,0.3194144074728743,86.8114441264275,3841.87
4910,83.46952007296807,3.833343418648836,71.82097993647966,2330.62
4175,57.28782841223759,4.738557726568376,83.33859548919486,2683.85
2933,72.47169176068688,1.764867253040478,54.71637131455218,3447.33
3284,79.39421855551934,2.6344729704002265,87.40023681857016,3085.87
4298,97.42916774257168,1.9566603624881904,90.6356809946531,2533.4
2811,62.62638910377096,0.1328809124898937,85.34189278902706,3391.21
1250,67.96253739581228,1.9907850641860685,98.36317937631829,4077.35
3512,68.96792949612119,3.979429270380598,91.33260287303202,2959.61
1256,80.27690788224415,3.020345326699061,95.15468639382692,4055.47
3376,67.83660265200008,0.5961735816142788,96.6785541728824,3036.97
3486,76.67559626498478,4.250983499499546,90.06739959369042,2960.8
3584,89.08951649225148,2.70231818993769,83.71294210032495,2934.23
1396,85.26927970561019,4.224444472548913,50.285929068039465,4187.79
3637,72.31843232562927,2.943085442046644,73.29128766115623,2990.98
3330,93.21080888370844,2.842473379705906,78.55811493111806,3077.36
2703,77.90701247969315,0.6157700074653607,65.20151362239999,3510.52
470,76.99529197511063,0.920062692379277,65.9052223451736,4622.28
1353,51.70938829695791,4.862923756833297,98.05797078550826,4031.16
2783,99.33464901785808,1.219585059098377,94.58554326013729,3274.71
2831,56.14854042648133,4.889515378152803,92.4589502750852,3311.01
357,61.55654562138233,2.7063722619688906,70.30059008530553,4669.82
3019,52.584841862076345,0.765366330613292,50.684927520445726,3474.25
667,82.00014834184569,0.5865807934930954,54.011112322785706,4576.58
4468,61.235058848634,1.123433946458126,65.60981841088018,2654.25
1145,59.000521873636174,4.635622917124145,50.78714564978385,4359.21
4185,54.42777921116207,2.129336099208312,50.8574890957599,2873.06
3719,55.16544785620079,2.0376279131652804,95.83016508212054,2880.64
2745,79.23353502212944,1.6347106792438528,85.3079251059527,3376.15
539,84.41039329332978,0.8206030677762831,65.44779950340764,4576.23
2779,69.86894942322004,2.490470866242792,56.632228880047656,3512.7
4964,73.99485407960367,0.7372341343045796,75.58178589475386,2334.73
4136,84.2983867991492,4.193853158273405,50.26730804271822,2820.13
4835,50.86898950927398,1.914945232749002,96.9206871929072,2327.01
3775,66.15653285351392,1.9365374821308023,70.74075596944736,2957.12
2508,98.65488740351732,2.4226314995674643,70.11674776186663,3523.88
2779,79.0056114847734,2.2762257945121838,69.52968037908911,3432.08
924,62.71122899487466,4.974804067990676,53.46641651938824,4445.5
2956,76.08650233181066,2.7723674939696825,81.91611198959133,3282.52
1581,67.13267440604577,0.5321883485703665,86.65018098141766,3986.66
3324,76.61224944131496,3.073698973726957,83.80626987941451,3085.01
4485,56.28707559033244,0.8427630350624118,56.92177466646972,2701.89
255,56.63573269096387,0.2515944591835757,78.94200840177963,4712.0
4804,57.17711810196964,4.856636553018516,78.4742242086127,2392.71
1838,96.99098959634208,3.8903405685193633,93.42053939706908,3731.01
1944,86.64494591706709,4.902534062827458,68.95638291878235,3810.9
9,58.11909473311604,2.441604395308988,68.57429718297172,4861.97
2871,59.41745418828008,2.708061902629983,80.92635293590928,3363.95
797,86.54147374354382,0.9248510840037382,81.65363267497565,4360.9
4972,57.80819223960869,1.3098463906711697,73.46426136628952,2367.96
1015,61.72806466674143,4.208891153023858,72.15296811652105,4316.19
1824,98.16734164101996,1.845309670876212,74.70738353189414,3849.68
4469,62.76532623642159,4.151393371602453,93.0522649751656,2483.19
3136,83.08161751855734,3.574167249006456,73.05834506269551,3214.8
2193,98.93156437002652,0.9681375338321412,96.99658959849113,3560.97
223,68.71483835698963,2.586487193986737,75.20018817981631,4699.2
4948,50.87579954310311,3.419197875441713,97.46003465904457,2252.76
4158,62.20736452111871,1.2516823525387433,91.6415950934538,2675.86
3925,91.54385956708526,4.170373701548376,68.12156613079145,2822.1
4784,93.23044179775184,2.769655521971416,93.1820710648308,2277.93
4000,88.42596822618955,0.9096860471687558,55.50316421005576,2886.54
1633,55.655490953828654,2.956623688206552,96.25235876715072,3911.36
2152,89.77551858482016,4.998597640363979,81.58217575414459,3636.55
510,95.9338898496752,0.8375553091507264,52.71953742611556,4631.16
384,80.0304771273118,4.102108957585688,82.21283618254057,4545.85
404,97.04376781690324,1.1158141156190342,98.7123827072378,4449.19
4613,91.34194418559387,3.933702814354428,53.49003273073144,2554.03
4571,83.34857584954537,3.699431823294925,77.73438548900431,2472.14
2000,78.8592618355874,1.5723979894421187,87.38971748796862,3739.61
2756,67.42868336209852,1.6965332760658045,90.51292933497658,3367.61
1668,57.96437226214026,3.983354820618304,70.69137326603979,4006.78
1460,80.24769613452705,2.361083008247832,60.20832795841215,4134.85
3636,65.90557768090598,3.681008340687864,52.11711393861919,3102.79
2724,93.32193337638228,0.8251223220925904,78.98630785486124,3398.17
4809,99.66684686793144,4.277533131317612,72.64555351338055,2340.16
4178,87.62138813077863,3.583335111743364,97.43721975748556,2562.74
2048,54.52408476435254,4.544019763290686,53.03024538574549,3906.36
4146,64.43427977653191,0.7486246572713651,84.26976717230028,2719.3
4780,55.45548158828748,3.0057710517669287,51.24831110600286,2562.79
716,82.5255823895858,3.035690866697593,58.57170883552713,4503.73
4544,88.25954322778924,1.8319576286792345,72.67894999614171,2519.77
4976,96.2837415440356,2.3464854803893638,72.74362214014342,2282.25
4583,71.90861732059938,0.286109660120282,84.2850271466822,2490.4
1823,95.06878247942224,3.754714189272359,95.51065174338784,3733.26
2081,93.89455795206638,2.791680149075553,81.95160794574605,3684.04
3419,65.85978583826993,0.3829311541589515,97.67675489257545,3016.57
1574,93.44503127702856,3.43570387550638,94.08078199389988,3871.35
249,68.78361259408632,2.387232178432821,79.22498977653952,4667.94
673,64.84346372801404,0.2688601711825,91.68959754594135,4422.68
4533,82.45373293971966,4.851077861555667,82.12888051618171,2459.44
2165,66.41906139425406,4.750649501138258,53.92789154618636,3817.52
770,81.51043741645721,2.6132218391212683,87.0282361629755,4340.71
3962,80.49159027493472,0.55899486145896,54.74542206336732,2928.7
4363,78.17194636742295,3.797643985833101,79.70413902848563,2575.66
1984,69.02098521163988,2.5104623905180725,85.13201029291145,3769.19
1077,77.42498608257384,1.5819926436179617,53.32638041054276,4374.2
235,79.82427374927107,2.5079490698899285,61.53973269632659,4740.07
388,77.28434442477368,2.6599763124867764,95.78361161308248,4495.91
3037,72.22097263756008,2.8572873252094624,80.81572461164481,3254.41
4858,50.73335285231319,2.2619961969111,62.31430094052658,2485.34
1848,79.35308538505754,3.068200985381378,84.53398855740033,3813.94
4719,58.42221925713598,4.601800081971249,79.83882099808449,2428.44
2814,82.12879844735949,1.8751136267830968,75.07878499589742,3384.6
3374,87.9672163961433,3.656010669777751,98.8093487494042,2956.46
3278,75.02226545653707,4.482817528438738,84.17268887037545,3095.26
1252,77.11818324898692,2.3342984512236917,68.77205548339563,4202.56
3981,97.57392798329955,2.2729335982713303,90.0036716038434,2691.6
4673,92.3583680686287,3.05037322823842,94.2291646460594,2327.13
2122,95.7118257975735,2.997893121170192,56.26102797584157,3786.29
4530,90.68831441597932,4.052287777398758,60.02764889226332,2562.96
2150,55.44591709233657,2.4347685805136345,60.811350456388986,3835.7
4859,57.44959279850973,4.981002453233262,84.56059046932702,2332.99
1329,76.33118986344797,0.3914106874496759,80.15197775266417,4128.16
1358,62.30348293989991,0.1155224580454385,80.9495782349294,4140.49
2482,73.83477375205796,3.236971726642157,97.03866498447503,3443.77
4542,69.71826619091752,1.562331070573196,88.7955766403653,2479.96
2017,77.47071192152266,1.2778737046274709,56.39684622558916,3891.8
1331,87.34378580679113,1.6283054920209743,67.37535412125905,4156.65
4344,85.77454535496372,1.3546330690142765,71.76968230878678,2634.06
4261,76.06170662426672,0.2508712433361945,69.79807943738024,2715.88
1358,91.1196709408529,4.860511907713884,83.46543045809396,4022.83
4637,71.54310457690167,1.1816528934186308,94.59465516282812,2403.62
4854,94.83571449200612,3.696745836687602,65.3025731761394,2369.85
3177,53.56401350275819,3.8367223340014593,77.59385682105929,3228.04
2128,97.73300150166536,4.653361250235424,89.47047109567927,3596.65
2180,82.7346540715674,0.2496923397575619,70.81090294226746,3737.98
4892,69.00372544686027,4.373036858390337,58.40590641996479,2430.23
137,59.85770632864387,2.683408286115021,73.74754826318741,4766.21
3472,73.95916147218,3.199466138832557,52.76112603715142,3170.28
2832,59.72791615926505,3.2579043578930653,97.11917270011384,3296.37
3579,58.31658038715711,4.117009244425165,53.74106025974865,3133.99
3031,80.8675878706487,1.7336958785796417,71.9228357625289,3295.81
4164,76.15423622908924,3.691950830313968,76.4940630544263,2696.3
2593,83.50480173054709,2.690032737638766,99.26519161436428,3363.26
4300,96.48029387109946,3.987630670096204,58.30109118214304,2675.66
3818,76.61301066695201,4.953675560573654,55.72157593061793,2959.63
4138,79.04660266313988,1.08318998527843,50.43530735312718,2859.9
3823,54.481316957747104,4.97377834364399,57.77857184346512,2990.91
4042,85.88178929543147,0.5400795559855927,60.36364895338338,2850.02
1906,69.9952603402078,0.1113559847335879,81.52904707915462,3848.25
760,98.83626193312897,0.3163934872713732,60.98533951957002,4464.24
3445,91.158700779783,1.7747337832101324,51.02604073646626,3172.31
899,76.12405202580592,3.201241020324328,91.33091727512443,4259.58
4455,56.1611327086083,0.4382447503504632,68.27978505019834,2664.4
2947,92.97078966402948,0.1277624911948796,67.6848343290367,3350.86
1719,89.98905477120108,4.691746039448095,65.12395145839633,3937.98
280,59.229256476851646,4.127440516105655,98.76866385732104,4556.42
3266,64.7639144610155,4.0649975385812525,58.50577086546407,3254.29
1887,89.67036290739186,4.433678949959687,94.91190319766176,3708.26
3266,59.26142232737048,3.530167936583312,88.84016660699439,3118.97
666,95.88762445856888,0.6115802357655991,53.823997774965655,4549.99
4188,71.2263712598181,2.055590921561243,99.33645507504244,2596.31
671,54.35194812938293,3.643432483676685,63.56829817695053,4551.52
1969,90.78743217521404,1.4736388578784527,54.929146351120615,3894.54
4156,68.67548415191938,3.468291184267565,91.46571170628798,2642.64
3122,76.32495970768905,0.2200423965114965,85.33377668388499,3207.48
4699,55.61521722056096,1.600072970310007,80.86094029389504,2468.96
4777,50.12920074224912,2.7907386477581464,57.799043184946655,2544.34
3900,81.89926028966488,3.1972401645805872,73.9248058127981,2834.61
523,75.75875851668658,2.9274992558633635,89.02780134436068,4462.57
2393,79.67692845615736,3.5190057527598047,65.18119690719202,3633.05
3117,89.68719251902581,0.1298348663752114,65.58449142575208,3282.9
2593,82.330295671143,0.5946118798898553,50.1570453024061,3632.11
1968,58.73867214136886,4.357826836167811,58.712170082268976,3911.38
1753,68.03862595553,3.44056835604179,93.77028125609172,3834.17
2296,95.29455523938802,0.6533650491614554,72.08732458188535,3644.44
2261,88.49723501258396,4.226164743253039,99.2117249617217,3504.19
2286,77.83185289683587,1.286932967340378,69.78539817868963,3689.54
4202,62.78224989046362,2.4434734325565954,85.75932273901206,2670.2
2878,65.10302509173975,0.8114629131348354,64.09595214523645,3452.2
4143,86.59790337928172,3.579539276466363,68.19048205704668,2728.56
3644,92.55871304263854,3.367586662969913,59.53629937954473,3011.53
4432,83.57123347653072,1.1344511087140674,67.35311842496975,2618.75
2055,90.47649878842208,4.330663757599309,77.36187602103216,3711.43
4720,88.3328067600203,2.0663995186765898,99.58864404896246,2294.73
1276,57.48519839784789,1.533323946246635,83.21008565358929,4165.65
2766,71.1972406456651,0.8464149883762238,59.962297720415705,3516.33
302,57.649190041428135,1.4042232613261336,52.248072079577554,4808.42
638,61.76177924009925,0.2079319139967033,56.31782406572553,4623.81
55,93.46298123255264,2.9579617130349667,78.12776006365237,4715.36
4821,73.64459828165911,4.226930657085345,88.25801644083832,2308.65
525,76.76790509213305,2.790004202264045,97.02096036503735,4420.96
4569,58.922298261388605,1.174442413426991,50.79115859984104,2681.96
4123,65.6135893024398,0.2649789732479763,76.1380070780935,2773.93
2125,61.5123084213935,1.151677558968134,73.54336781115884,3785.24
3287,60.30930822592132,2.1389949975483527,82.8027510987852,3150.48
364,81.8980396657985,3.8220960006290032,77.9789427232671,4576.09
4621,62.84419238228574,1.0204299774350931,84.35195752912404,2481.85
4978,81.60077430102092,3.626978121437962,82.90412923745951,2247.01
1646,52.922730705427696,4.34797399492423,55.85058624289731,4098.42
918,57.08871967635509,2.32433955573095,89.98589568093598,4303.65
2797,63.72701270000627,4.125016759048707,56.16162878581624,3501.99
1531,79.85234584478458,2.817821005371969,84.92653126045685,3971.98
3345,83.7920622543688,3.2217451016964347,70.80726838203034,3123.66
1906,72.13584833897636,2.678764455657193,75.6925367288299,3847.48
3086,72.28954572886144,2.369546312081575,95.16490071878552,3162.9
4580,86.2258425699309,1.249801864701662,94.49418632367431,2402.58
2075,50.79105458827912,1.5856508913591258,90.89281528275149,3740.6
713,67.05450122371103,1.5208535828236844,75.50741902281617,4466.65
1062,90.93535285596164,2.8601157616736925,86.81199050669166,4174.47
1976,80.16097051066862,0.6877730958170606,75.64485277594046,3816.58
1296,66.86135663777102,4.592279284441442,93.48030412373888,4054.95
125,95.27623961648368,3.631210211887255,70.138791661645,4709.94
4632,88.63113637246913,2.067083591474649,98.51176722074383,2343.51
3596,63.24477236183667,0.8772583081792521,96.61613791144389,2933.66
3283,82.26449187628585,4.421761631636016,87.08013097258927,3064.35
1603,79.78753640944784,4.13651264149571,63.9707942088036,4027.71
66,70.05939570194914,3.636435608314179,56.58267943966292,4857.6
232,68.34780396024003,1.4305805323150875,92.73517250465989,4619.32
2156,67.1780237387852,2.0719885234249777,58.26511430689806,3825.6
1169,80.85778916978234,0.6034664370168745,92.71303944986678,4134.18
2158,72.12049682403347,1.0262936711649056,74.53825033561802,3743.8
4206,91.59315566257108,3.9367815228519913,70.32783919040521,2672.81
1493,83.4801308066981,3.603689722368351,95.15953894172144,3924.71
4718,53.49658028547171,3.0080802385820804,80.19254912701389,2452.96
4007,82.0084111914083,4.489060957038247,78.83070035648589,2743.44
2472,63.55737182500924,2.958005937283923,77.93829723121988,3567.61
2660,79.64059958267114,2.388143199821693,68.55847580097657,3494.04
2739,84.00659655517256,1.7678166568982374,89.28215517645637,3348.4
1761,61.54145945770061,4.708197678107245,62.63992220078865,3986.14
3514,72.84293224401843,0.5053057614693321,96.94474800206376,2957.54
1975,59.51624314095339,4.661348123097961,94.69926025234804,3723.36
2362,52.61694378932542,4.150901833661989,66.87401628374491,3687.89
876,68.92382117429345,0.7366566302249363,86.47318849158319,4334.42
3812,68.14721359229961,2.8684233526087426,78.66115972247957,2885.72
3448,99.77402453521285,4.346085110570526,66.88246509996173,3048.58
1312,72.31761755988211,2.901864901675053,99.42608239977233,4023.22
1460,66.67847747361002,4.545279125647049,51.26186729241321,4184.88
2709,79.02375033583374,4.720620702398608,62.63230153106433,3477.08
2324,54.438369705388425,2.1696841587030997,76.00370305555752,3677.41
1733,98.08328679774068,1.9488369408909856,76.0976501739282,3887.36
1605,81.74800227955166,4.687973654448869,79.4466537472782,3939.89
2563,87.74189099704239,3.408186299633374,87.58380860114596,3421.02
3421,58.52389690869588,0.6685111386060295,81.17389152596482,3109.9
3517,70.4738926502602,0.3072295711911379,80.01407302640185,3047.41
2397,71.13445566980948,2.866682349886589,52.67572314565216,3717.19
3735,91.09032219505434,4.65783773064828,68.82651438946492,2909.61
2870,50.06183398797047,4.23681864178851,61.60278698505781,3464.49
1160,65.04265541766276,3.4116539576752487,63.268505580098775,4289.46
4854,99.0618187172152,0.7816676595663289,77.71687371701725,2328.48
242,73.74432717531093,1.3457337803686085,59.97526574648042,4768.18
2590,69.12631401220041,4.390005010107819,64.69745505084488,3549.36
1063,55.99145010088232,0.9957554596188124,61.854235425867,4387.29
4324,98.70823143140078,1.4643531004271295,97.42514716090976,2488.81
2595,51.001317796291225,0.7350431908576656,97.23328660855476,3456.98
919,86.85901125036216,3.412930333930615,80.49707792980259,4280.17
5,88.42999023942542,4.725513296279727,96.226123436595,4642.25
467,62.18283580319333,1.4179433548173914,89.29063227341865,4531.5
4170,83.57792218065187,2.429492378465361,79.49739414009044,2676.06
3,54.646457218969495,3.208264724584901,50.321760574839786,4955.52
645,62.852363321604,4.99738461625659,88.6258143039702,4408.69
117,89.39509941461324,0.6135595184881034,85.12441707942344,4680.95
2928,93.234309601677,2.542996917577975,80.7626826641207,3270.29
2551,80.42432063298956,1.9870885875222504,88.02121558412358,3453.67
4289,75.34192159102413,4.34251880958954,75.6461082387383,2633.16
846,57.96520103094902,2.4322418819571143,85.20416356606695,4360.73
2762,53.15545165395751,0.6437898704672257,96.75860433632468,3372.46
1141,55.882451423677935,3.20867831190426,68.7902507923043,4291.7
1810,61.36786500480494,3.8768250294930113,85.40609174503126,3856.47
723,67.08372509484605,0.1141181331615115,73.78439090054793,4484.27
224,69.04547627554936,4.3088877585610845,83.71998259069908,4638.22
4627,67.31608842945018,1.0115127000277615,88.14466677771821,2451.03
4208,61.95276660986328,2.805139886801552,52.2726250217898,2832.68
4654,75.4862123375849,2.137407753368506,82.3300221974331,2439.0
2048,91.26430541164484,3.6263037013916,61.33705922034723,3800.52
4749,63.98517692357396,1.9186919124501352,83.50162689037833,2410.83
4415,97.11935095511166,4.361839565740382,73.41650929669068,2537.56
1573,93.66683308619238,3.6794321686980727,88.67763709324436,3895.98
1828,58.08821056760548,3.273794538208316,56.17004076027982,4006.24
1917,89.31379783785472,4.001578918257986,81.31611758280975,3766.28
4234,78.72936911588833,3.7947128711490734,63.92353644637762,2717.98
2026,78.32876810857093,0.2760995071156114,92.64909976652956,3714.34
3744,69.55213815290873,2.034198333839658,96.41917528181536,2836.46
901,75.05764995910049,4.6609557568508,99.81991468395276,4203.68
4785,69.85893887146055,0.7160489180619085,89.80037012136417,2361.62
2039,76.98663093799715,3.7117730971170513,87.68670352140023,3700.98
9,81.39750263863179,4.875499875543116,60.77503794337756,4830.07
260,83.71519032045242,0.355773282320361,66.80035294950544,4715.01
1673,76.6240596279713,3.442750015070392,73.28412708811398,3959.4
2219,86.07110336643659,2.393955292375049,88.6690523891125,3601.07
2060,57.06390246377529,2.9379587513361387,95.74829325389842,3697.75
3713,60.59912454511193,0.5181725487731917,59.45695500114923,3069.84
1619,90.9367502037135,0.3107340641480035,96.11837423350514,3874.93
320,66.12639889232076,3.367646636699517,84.7812326177029,4600.16
1342,51.14469124880601,4.1342162061215175,80.53853653425193,4132.68
2376,57.68955748340156,3.93187514117154,59.99206356409697,3707.34
2832,61.18072172481556,2.7646480665445634,52.77625164045753,3520.11
2824,97.86614439472936,0.5893474235672731,78.423244925397,3344.26
1994,78.65207144654246,3.471417774796468,82.57578416644462,3748.1
2958,96.63653702381274,1.2852555294153154,60.539072467734414,3362.18
2038,78.75816752483125,4.56423664356018,77.82281029127282,3738.73
3490,73.96772200689259,4.207500261773954,92.82467013812868,2950.87
3677,65.6863845597048,3.575976538728216,91.753297272751,2885.6
1118,80.31854722166878,4.749345183572539,96.36775902931488,4101.03
1604,56.95990123087649,0.2539669254052373,68.29429047784402,4090.07
4027,94.9130813646353,3.707382082797734,65.90247862754593,2780.09
235,91.4666202570642,1.7181896187483865,87.47130029904044,4595.03
1969,65.87657239383685,4.53972283986319,71.55562025485025,3830.57
4429,97.63987638006472,1.4067084636436904,54.37743320138903,2654.27
1908,91.2600383707784,3.651796846643584,64.14005653352498,3856.26
375,83.31534429175198,4.400470396288829,70.92911427657445,4597.22
3530,56.08809555626374,0.3041184100751439,64.6258212738126,3146.65
2635,73.91170115240361,2.048473140000977,66.61027854736608,3531.14
1570,75.30537774233754,3.8353142569075,64.68879530871953,4052.59
2560,61.62756791826901,2.3291025585871767,52.074958359153975,3663.08
3391,53.99826971796509,1.4095378859886172,81.85473504122213,3123.13
2965,88.83618152358463,1.1770462092336311,79.86462101767347,3278.73
3643,56.10175260621975,0.7444395078902518,82.66917492393404,2995.51
3850,79.71453752808874,4.299934843295783,59.61549480168137,2924.49
872,96.82245869418304,2.919241475932625,64.78272708062427,4367.25
1252,93.80525962990212,0.4742862304581343,80.98079634724611,4126.74
1314,63.88763118746306,1.9746435854961135,79.98137842299607,4145.57
4820,92.57243187756328,1.9018948889450389,75.31651546771339,2359.25
2898,50.01662530602447,0.9905220344763688,67.52066250050987,3453.46
77,50.88439048066286,2.2339873648137347,95.6465502387345,4709.16
2621,80.12765819214324,1.7272868904263687,66.98851211494218,3527.03
4227,68.23991095722647,1.7748381569116949,72.78095782186259,2718.37
600,69.32304205795735,3.721230133160998,83.90569154771043,4454.61
1065,78.22205453394412,1.193990588975462,77.1510715433382,4263.36
2136,59.58912277959303,3.245113798391242,67.34429881821927,3793.65
2449,60.58776753327392,2.896183157016581,71.78223952282549,3616.45
2343,74.23007935094324,2.88365331045555,89.7240408926753,3552.58
1863,87.71267721719315,3.3487359960947023,63.90645777433062,3890.05
1318,80.97488757037938,2.7870719773587047,57.11276198884077,4215.62
4711,64.86775241184195,4.408350062747284,65.65816009148885,2492.39
3597,71.51685887544606,3.4103424505562736,92.47671077439506,2911.98
3762,58.53323792749992,2.780119931719802,54.44948574281733,3051.88
4670,53.73149071685408,4.16583928940946,99.58480366862258,2367.95
2190,89.13480203720746,3.070118168174051,77.05014494638313,3660.78
992,63.26937045940973,1.5266068141473772,99.2422871983547,4215.98
2712,58.88831939256241,1.1147650990651992,96.94982110429888,3380.33
2192,84.58090277846597,0.8464061497471261,72.64068571054584,3713.17
1248,80.9025837143593,4.5073305414758975,59.924553730267455,4219.5
3054,81.6594813006732,3.579663615810523,58.244238828256925,3332.66
4598,61.44473024233068,4.693154347005172,61.99946819349788,2571.18
4033,61.63227692813405,3.056129848003221,85.50663202822687,2752.14
1997,61.04013148928196,2.419664319325072,63.64749973657439,3886.99
4916,58.68762978311473,0.3926107959573577,67.07126348021492,2435.34
3687,82.78618362808282,3.3910471795755464,72.43894019973074,2944.82
2151,92.40079426247009,2.952822922864333,95.6616340210728,3581.86
4018,86.21587348383306,4.952023578579345,59.46967089424231,2821.7
3110,89.60468168802717,1.271878011132991,50.25132763049015,3351.82
1970,70.23992145425999,2.700613040905496,53.00482051890851,3932.49
197,82.7037897685999,3.2896909420785563,95.2383170840059,4577.0
2626,67.71181202223872,3.258496756237484,82.37582324216815,3457.11
1202,76.275231098432,2.8503383604471737,63.65203096639034,4249.69
2035,74.08174232674313,3.906947250603405,58.85962505055956,3850.97
477,58.84435725719272,1.1044079266814006,64.71333683185571,4659.2
1254,69.35393801678154,3.655573281344638,55.73984636256401,4269.04
922,98.19111377411755,3.1366994000221373,97.07664551422204,4175.87
419,62.42901288574711,4.490768047793409,89.21030871826335,4524.68
2204,56.69018681397444,4.25125275126455,73.11955884562704,3726.51
2597,70.92903108119677,1.6442204917495111,93.24813025576007,3426.96
1120,89.51688679300742,1.4535628923782502,62.47291021466161,4284.07
3068,79.10741148899862,4.910101286876994,85.85602842360967,3179.4
950,84.04874136191222,2.683599386484757,92.80662495068717,4216.03
2336,59.48474240873386,4.54146272318074,67.83843558116362,3678.42
2243,80.94740965038608,0.9030170165243628,87.87322227253588,3618.21
2645,66.17501974557369,3.2498126825208544,64.75361746321546,3538.88
1857,91.71516829773836,4.068314918066872,64.94285676295154,3872.67
4612,81.46494030053681,4.74223672297359,55.352858927709306,2556.88
1865,59.9428138887648,1.7529666909834152,72.00290232546993,3920.07
2912,53.23083399220431,3.6524077326278577,86.48559532487111,3318.59
2853,52.13166046435164,2.740183744294133,97.01104027856424,3306.78
4910,68.57042838250703,0.3970817377256942,80.1898495964548,2352.94
3228,63.29255683271568,3.4809987128138227,93.15677688678696,3108.82
3719,82.3045061731254,3.4814731353654333,91.12473246451135,2835.45
3228,74.96669174893091,4.659973343748032,58.667152648764045,3246.13
2371,63.30096390026904,2.536830986227965,74.29087144563158,3641.08
2891,57.46188889750881,1.228229511481522,55.84617677626957,3498.06
3756,56.35998813437248,0.3183627348985278,84.10765807808176,2935.56
4225,93.23301960702088,2.1366467147609383,97.4949834123038,2542.19
94,62.17389842024336,1.5793918303797592,56.85447290393783,4878.59
2674,82.58553239554843,3.8293326995169914,86.69415654012707,3376.06
1955,90.53429639931332,1.8359120477211288,81.61190754339304,3765.01
793,80.7040655592368,4.750448861942735,79.18025185040499,4348.69
1834,92.97826158234729,4.815319994640142,69.50601173441696,3851.36
2116,69.61968607642373,3.14245209206677,67.75658238769063,3782.55
4106,97.81110953244742,4.650435406372926,52.26245945094439,2793.56
3325,56.65725020890485,3.828186288121029,60.89543541260068,3231.43
2919,55.107476482876905,2.7796122407781185,50.75884411434134,3498.69
2597,82.93460731037217,0.9835088835716128,79.07085527910102,3480.44
3205,97.14155707066308,2.347129923217816,55.29266179389544,3253.28
4807,90.4441730818164,2.8482848704768267,93.6509697014858,2268.87
814,53.82084297190257,4.33341174560155,76.15715103485826,4411.24
345,63.96838569673582,2.4585335450247583,84.98449545293542,4600.06
2349,96.5159442418912,4.498605896121988,70.54285459202482,3584.77
362,62.65292164003922,3.404309997214998,78.02899045005243,4619.51
2443,89.05852118934595,0.7712954089629898,97.13295884833153,3457.01
2265,91.2566097964352,4.975408709692956,54.136701981183535,3714.55
2188,74.77260517304909,2.6834400376941723,62.696888596184806,3766.14
3005,69.31744549241577,2.0201056524044865,88.99941634552721,3243.67
3281,72.50622162098799,3.3296574459006805,54.936860344133294,3256.51
984,61.34823471826821,0.6335772385070915,53.78305519520554,4460.05
1639,94.4695458064422,3.2190393690914365,68.07706993770194,3968.99
827,72.5309828364879,2.541356402446438,54.60839792362162,4492.98
2730,94.122972022805,2.092702942993057,79.25392211031016,3379.56
3531,55.2846739953137,4.769798103776606,61.31376254082999,3119.66
4451,99.41376355000656,2.660444611987061,94.78489815996862,2425.14
2935,72.16365437218091,1.1736756494026983,89.17500404226283,3280.56
3876,52.39154101970527,2.3489210489487635,84.9852603049738,2858.8
126,51.901092411872746,4.604998282406096,80.8472013692251,4732.91
3177,87.31036287409194,0.962867809519914,93.17328651707317,3111.38
3056,82.95177671018405,1.148389489572361,61.15310307713784,3338.85
603,90.10652790637936,0.1638448820097103,93.65544213821138,4398.37
3449,55.2683766976403,0.1695312420392591,89.47461492120262,3065.89
4146,51.778543351777415,4.164018972096711,87.40804131938427,2694.76
3533,75.42896447237892,3.687400773530484,78.06278390374621,3005.45
3367,69.37976157413848,1.839701176614596,62.31220804853,3197.78
3368,73.09734683354779,3.521724670415107,71.17739579959482,3128.7
3797,99.5794204435137,2.036509038918854,89.67853272694008,2783.58
1792,98.53749788353352,4.769194300389355,51.58892421786622,3951.29
2861,97.11576948365963,4.838558138987571,89.10253846318791,3231.37
3476,89.19213383838368,2.024689501465782,62.003537024378325,3103.35
3417,67.74206801284453,4.285687341070253,57.21546003608015,3177.08
1645,70.60654651313858,3.8881363043175847,55.78506590901511,4068.48
1205,77.48080218594623,1.6189996921417678,51.36250059754076,4319.54
3030,91.526722820242,1.2369951616154191,76.17932426107265,3258.68
2872,53.43564162591339,2.3453497869248863,60.91299363468647,3479.11
3072,71.21484429424441,3.928609319010591,99.47158828898158,3134.93
1854,54.13088317296344,4.804822145170853,78.72183779361029,3873.08
4021,75.73287932867558,3.841537437446206,56.89426346780052,2865.15
4662,94.94504120031178,4.290514226590013,84.43812704056828,2364.01
2708,89.1242462281969,3.0550151002355315,94.88717832548627,3312.77
3502,61.3921208771555,4.193498371126417,87.25897476848073,2997.99
1332,98.79954247993962,3.943662204216747,53.82199305197239,4177.85
201,83.36751990232142,1.9472291554387728,94.79420905963298,4589.32
3507,50.52138496987016,2.804752480391534,89.69646929299824,3018.93
4212,62.77067423426098,4.043290297749505,57.91519500528072,2788.45
574,63.03566499599583,0.3256779975307862,52.58929443664084,4670.73
